t,busy_pct,sclk_mhz,fclk_mhz,power_uw,temp_mc,kfd
1790935829,63,2356,1900,1128180000,48090,
1790935834,63,2357,1900,1128513000,48080,
1790935839,99,1511,1616,,53956,304405;304776
1790935844,63,2356,1900,1135118000,54071,304405;304776
1790935849,63,2357,1900,1132118000,48978,304405;304776
1790935854,63,2357,1900,1128906000,49671,304405;304776
1790935859,100,1704,1615,,71731,304405;304776
1790935864,100,1620,1575,,72835,304405;304776
1790935869,99,1510,1505,,71846,304405;304776
1790935874,100,1513,1532,,72385,304405;304776
1790935879,100,1499,1510,,71368,304405;304776
1790935884,100,1601,1565,,71250,304405;304776
1790935889,100,1573,1549,,72459,304405;304776
1790935894,98,1441,1460,,71111,304405;304776
1790935899,100,1488,1515,,70909,304405;304776
1790935904,100,1431,1464,,71708,304405;304776
1790935909,100,1588,1557,,72119,304405;304776
1790935914,100,1432,1459,,70453,304405;304776
1790935919,100,1481,1486,,72390,304405;304776
1790935925,100,1516,1533,,72048,304405;304776
1790935930,100,1494,1522,,69083,304405;304776
1790935935,100,1556,1535,,71843,304405;304776
1790935940,100,1392,1437,,71702,304405;304776
1790935945,100,1481,1490,,67762,304405;304776
1790935950,100,1380,1427,,71699,304405;304776
1790935955,100,1481,1513,,71459,304405;304776
1790935960,98,1494,1529,,66068,304405;304776
1790935965,100,1480,1483,,71963,304405;304776
1790935970,100,1498,1501,,72080,304405;304776
1790935975,66,2292,1900,1286328000,68886,304405;304776
1790935980,100,1508,1525,,71732,304405;304776
1790935985,63,2354,1900,1132386000,48722,304405;304776
