"Correlation_Id","Dispatch_Id","Agent_Id","Queue_Id","Process_Id","Thread_Id","Grid_Size","Kernel_Id","Kernel_Name","Workgroup_Size","LDS_Block_Size","Scratch_Size","VGPR_Count","Accum_VGPR_Count","SGPR_Count","Counter_Name","Counter_Value","Start_Timestamp","End_Timestamp"
1,1,"Agent 2",1,65994,65994,524288,27,"void at::native::(anonymous namespace)::distribution_elementwise_grid_stride_kernel<float, 4, at::native::templates::cuda::normal_and_transform<c10::BFloat16, float, at::CUDAGeneratorImpl*, at::native::templates::cuda::normal_kernel<at::CUDAGeneratorImpl*>(at::TensorBase const&, double, double, at::CUDAGeneratorImpl*)::{lambda()#1}::operator()() const::{lambda()#4}::operator()() const::{lambda(float)#1}>(at::TensorIteratorBase&, at::CUDAGeneratorImpl*, at::native::templates::cuda::normal_kernel<at::CUDAGeneratorImpl*>(at::TensorBase const&, double, double, at::CUDAGeneratorImpl*)::{lambda()#1}::operator()() const::{lambda()#4}::operator()() const::{lambda(float)#1})::{lambda(hiprandStatePhilox4_32_10*)#2}, at::native::(anonymous namespace)::distribution_nullary_kernel<c10::BFloat16, float, HIP_vector_type<float, 4u>, at::CUDAGeneratorImpl*, at::native::templates::cuda::normal_and_transform<c10::BFloat16, float, at::CUDAGeneratorImpl*, at::native::templates::cuda::normal_kernel<at::CUDAGeneratorImpl*>(at::TensorBase const&, double, double, at::CUDAGeneratorImpl*)::{lambda()#1}::operator()() const::{lambda()#4}::operator()() const::{lambda(float)#1}>(at::TensorIteratorBase&, at::CUDAGeneratorImpl*, at::native::templates::cuda::normal_kernel<at::CUDAGeneratorImpl*>(at::TensorBase const&, double, double, at::CUDAGeneratorImpl*)::{lambda()#1}::operator()() const::{lambda()#4}::operator()() const::{lambda(float)#1})::{lambda(hiprandStatePhilox4_32_10*)#2}, at::native::templates::cuda::normal_kernel<at::CUDAGeneratorImpl*>(at::TensorBase const&, double, double, at::CUDAGeneratorImpl*)::{lambda()#1}::operator()() const::{lambda()#4}::operator()() const::{lambda(float)#1}>(at::TensorIteratorBase&, at::CUDAGeneratorImpl*, at::native::templates::cuda::normal_and_transform<c10::BFloat16, float, at::CUDAGeneratorImpl*, at::native::templates::cuda::normal_kernel<at::CUDAGeneratorImpl*>(at::TensorBase const&, double, double, at::CUDAGeneratorImpl*)::{lambda()#1}::operator()() const::{lambda()#4}::operator()() const::{lambda(float)#1}>(at::TensorIteratorBase&, at::CUDAGeneratorImpl*, at::native::templates::cuda::normal_kernel<at::CUDAGeneratorImpl*>(at::TensorBase const&, double, double, at::CUDAGeneratorImpl*)::{lambda()#1}::operator()() const::{lambda()#4}::operator()() const::{lambda(float)#1})::{lambda(hiprandStatePhilox4_32_10*)#2} const&, at::native::templates::cuda::normal_kernel<at::CUDAGeneratorImpl*>(at::TensorBase const&, double, double, at::CUDAGeneratorImpl*)::{lambda()#1}::operator()() const::{lambda()#4}::operator()() const::{lambda(float)#1})::{lambda(int, float)#1}>(long, at::PhiloxCudaState, at::native::templates::cuda::normal_and_transform<c10::BFloat16, float, at::CUDAGeneratorImpl*, at::native::templates::cuda::normal_kernel<at::CUDAGeneratorImpl*>(at::TensorBase const&, double, double, at::CUDAGeneratorImpl*)::{lambda()#1}::operator()() const::{lambda()#4}::operator()() const::{lambda(float)#1}>(at::TensorIteratorBase&, at::CUDAGeneratorImpl*, at::native::templates::cuda::normal_kernel<at::CUDAGeneratorImpl*>(at::TensorBase const&, double, double, at::CUDAGeneratorImpl*)::{lambda()#1}::operator()() const::{lambda()#4}::operator()() const::{lambda(float)#1})::{lambda(hiprandStatePhilox4_32_10*)#2}, at::native::(anonymous namespace)::distribution_nullary_kernel<c10::BFloat16, float, HIP_vector_type<float, 4u>, at::CUDAGeneratorImpl*, at::native::templates::cuda::normal_and_transform<c10::BFloat16, float, at::CUDAGeneratorImpl*, at::native::templates::cuda::normal_kernel<at::CUDAGeneratorImpl*>(at::TensorBase const&, double, double, at::CUDAGeneratorImpl*)::{lambda()#1}::operator()() const::{lambda()#4}::operator()() const::{lambda(float)#1}>(at::TensorIteratorBase&, at::CUDAGeneratorImpl*, at::native::templates::cuda::normal_kernel<at::CUDAGeneratorImpl*>(at::TensorBase const&, double, double, at::CUDAGeneratorImpl*)::{lambda()#1}::operator()() const::{lambda()#4}::operator()() const::{lambda(float)#1})::{lambda(hiprandStatePhilox4_32_10*)#2}, at::native::templates::cuda::normal_kernel<at::CUDAGeneratorImpl*>(at::TensorBase const&, double, double, at::CUDAGeneratorImpl*)::{lambda()#1}::operator()() const::{lambda()#4}::operator()() const::{lambda(float)#1}>(at::TensorIteratorBase&, at::CUDAGeneratorImpl*, at::native::templates::cuda::normal_and_transform<c10::BFloat16, float, at::CUDAGeneratorImpl*, at::native::templates::cuda::normal_kernel<at::CUDAGeneratorImpl*>(at::TensorBase const&, double, double, at::CUDAGeneratorImpl*)::{lambda()#1}::operator()() const::{lambda()#4}::operator()() const::{lambda(float)#1}>(at::TensorIteratorBase&, at::CUDAGeneratorImpl*, at::native::templates::cuda::normal_kernel<at::CUDAGeneratorImpl*>(at::TensorBase const&, double, double, at::CUDAGeneratorImpl*)::{lambda()#1}::operator()() const::{lambda()#4}::operator()() const::{lambda(float)#1})::{lambda(hiprandStatePhilox4_32_10*)#2} const&, at::native::templates::cuda::normal_kernel<at::CUDAGeneratorImpl*>(at::TensorBase const&, double, double, at::CUDAGeneratorImpl*)::{lambda()#1}::operator()() const::{lambda()#4}::operator()() const::{lambda(float)#1})::{lambda(int, float)#1})",256,0,0,32,0,128,"SQ_ITEMS",524288.000000,84891762385079,84891762811998
1,1,"Agent 2",1,65994,65994,524288,27,"void at::native::(anonymous namespace)::distribution_elementwise_grid_stride_kernel<float, 4, at::native::templates::cuda::normal_and_transform<c10::BFloat16, float, at::CUDAGeneratorImpl*, at::native::templates::cuda::normal_kernel<at::CUDAGeneratorImpl*>(at::TensorBase const&, double, double, at::CUDAGeneratorImpl*)::{lambda()#1}::operator()() const::{lambda()#4}::operator()() const::{lambda(float)#1}>(at::TensorIteratorBase&, at::CUDAGeneratorImpl*, at::native::templates::cuda::normal_kernel<at::CUDAGeneratorImpl*>(at::TensorBase const&, double, double, at::CUDAGeneratorImpl*)::{lambda()#1}::operator()() const::{lambda()#4}::operator()() const::{lambda(float)#1})::{lambda(hiprandStatePhilox4_32_10*)#2}, at::native::(anonymous namespace)::distribution_nullary_kernel<c10::BFloat16, float, HIP_vector_type<float, 4u>, at::CUDAGeneratorImpl*, at::native::templates::cuda::normal_and_transform<c10::BFloat16, float, at::CUDAGeneratorImpl*, at::native::templates::cuda::normal_kernel<at::CUDAGeneratorImpl*>(at::TensorBase const&, double, double, at::CUDAGeneratorImpl*)::{lambda()#1}::operator()() const::{lambda()#4}::operator()() const::{lambda(float)#1}>(at::TensorIteratorBase&, at::CUDAGeneratorImpl*, at::native::templates::cuda::normal_kernel<at::CUDAGeneratorImpl*>(at::TensorBase const&, double, double, at::CUDAGeneratorImpl*)::{lambda()#1}::operator()() const::{lambda()#4}::operator()() const::{lambda(float)#1})::{lambda(hiprandStatePhilox4_32_10*)#2}, at::native::templates::cuda::normal_kernel<at::CUDAGeneratorImpl*>(at::TensorBase const&, double, double, at::CUDAGeneratorImpl*)::{lambda()#1}::operator()() const::{lambda()#4}::operator()() const::{lambda(float)#1}>(at::TensorIteratorBase&, at::CUDAGeneratorImpl*, at::native::templates::cuda::normal_and_transform<c10::BFloat16, float, at::CUDAGeneratorImpl*, at::native::templates::cuda::normal_kernel<at::CUDAGeneratorImpl*>(at::TensorBase const&, double, double, at::CUDAGeneratorImpl*)::{lambda()#1}::operator()() const::{lambda()#4}::operator()() const::{lambda(float)#1}>(at::TensorIteratorBase&, at::CUDAGeneratorImpl*, at::native::templates::cuda::normal_kernel<at::CUDAGeneratorImpl*>(at::TensorBase const&, double, double, at::CUDAGeneratorImpl*)::{lambda()#1}::operator()() const::{lambda()#4}::operator()() const::{lambda(float)#1})::{lambda(hiprandStatePhilox4_32_10*)#2} const&, at::native::templates::cuda::normal_kernel<at::CUDAGeneratorImpl*>(at::TensorBase const&, double, double, at::CUDAGeneratorImpl*)::{lambda()#1}::operator()() const::{lambda()#4}::operator()() const::{lambda(float)#1})::{lambda(int, float)#1}>(long, at::PhiloxCudaState, at::native::templates::cuda::normal_and_transform<c10::BFloat16, float, at::CUDAGeneratorImpl*, at::native::templates::cuda::normal_kernel<at::CUDAGeneratorImpl*>(at::TensorBase const&, double, double, at::CUDAGeneratorImpl*)::{lambda()#1}::operator()() const::{lambda()#4}::operator()() const::{lambda(float)#1}>(at::TensorIteratorBase&, at::CUDAGeneratorImpl*, at::native::templates::cuda::normal_kernel<at::CUDAGeneratorImpl*>(at::TensorBase const&, double, double, at::CUDAGeneratorImpl*)::{lambda()#1}::operator()() const::{lambda()#4}::operator()() const::{lambda(float)#1})::{lambda(hiprandStatePhilox4_32_10*)#2}, at::native::(anonymous namespace)::distribution_nullary_kernel<c10::BFloat16, float, HIP_vector_type<float, 4u>, at::CUDAGeneratorImpl*, at::native::templates::cuda::normal_and_transform<c10::BFloat16, float, at::CUDAGeneratorImpl*, at::native::templates::cuda::normal_kernel<at::CUDAGeneratorImpl*>(at::TensorBase const&, double, double, at::CUDAGeneratorImpl*)::{lambda()#1}::operator()() const::{lambda()#4}::operator()() const::{lambda(float)#1}>(at::TensorIteratorBase&, at::CUDAGeneratorImpl*, at::native::templates::cuda::normal_kernel<at::CUDAGeneratorImpl*>(at::TensorBase const&, double, double, at::CUDAGeneratorImpl*)::{lambda()#1}::operator()() const::{lambda()#4}::operator()() const::{lambda(float)#1})::{lambda(hiprandStatePhilox4_32_10*)#2}, at::native::templates::cuda::normal_kernel<at::CUDAGeneratorImpl*>(at::TensorBase const&, double, double, at::CUDAGeneratorImpl*)::{lambda()#1}::operator()() const::{lambda()#4}::operator()() const::{lambda(float)#1}>(at::TensorIteratorBase&, at::CUDAGeneratorImpl*, at::native::templates::cuda::normal_and_transform<c10::BFloat16, float, at::CUDAGeneratorImpl*, at::native::templates::cuda::normal_kernel<at::CUDAGeneratorImpl*>(at::TensorBase const&, double, double, at::CUDAGeneratorImpl*)::{lambda()#1}::operator()() const::{lambda()#4}::operator()() const::{lambda(float)#1}>(at::TensorIteratorBase&, at::CUDAGeneratorImpl*, at::native::templates::cuda::normal_kernel<at::CUDAGeneratorImpl*>(at::TensorBase const&, double, double, at::CUDAGeneratorImpl*)::{lambda()#1}::operator()() const::{lambda()#4}::operator()() const::{lambda(float)#1})::{lambda(hiprandStatePhilox4_32_10*)#2} const&, at::native::templates::cuda::normal_kernel<at::CUDAGeneratorImpl*>(at::TensorBase const&, double, double, at::CUDAGeneratorImpl*)::{lambda()#1}::operator()() const::{lambda()#4}::operator()() const::{lambda(float)#1})::{lambda(int, float)#1})",256,0,0,32,0,128,"SQ_INST_CYCLES_VALU_WMMA",0.00000000e+00,84891762385079,84891762811998
1,1,"Agent 2",1,65994,65994,524288,27,"void at::native::(anonymous namespace)::distribution_elementwise_grid_stride_kernel<float, 4, at::native::templates::cuda::normal_and_transform<c10::BFloat16, float, at::CUDAGeneratorImpl*, at::native::templates::cuda::normal_kernel<at::CUDAGeneratorImpl*>(at::TensorBase const&, double, double, at::CUDAGeneratorImpl*)::{lambda()#1}::operator()() const::{lambda()#4}::operator()() const::{lambda(float)#1}>(at::TensorIteratorBase&, at::CUDAGeneratorImpl*, at::native::templates::cuda::normal_kernel<at::CUDAGeneratorImpl*>(at::TensorBase const&, double, double, at::CUDAGeneratorImpl*)::{lambda()#1}::operator()() const::{lambda()#4}::operator()() const::{lambda(float)#1})::{lambda(hiprandStatePhilox4_32_10*)#2}, at::native::(anonymous namespace)::distribution_nullary_kernel<c10::BFloat16, float, HIP_vector_type<float, 4u>, at::CUDAGeneratorImpl*, at::native::templates::cuda::normal_and_transform<c10::BFloat16, float, at::CUDAGeneratorImpl*, at::native::templates::cuda::normal_kernel<at::CUDAGeneratorImpl*>(at::TensorBase const&, double, double, at::CUDAGeneratorImpl*)::{lambda()#1}::operator()() const::{lambda()#4}::operator()() const::{lambda(float)#1}>(at::TensorIteratorBase&, at::CUDAGeneratorImpl*, at::native::templates::cuda::normal_kernel<at::CUDAGeneratorImpl*>(at::TensorBase const&, double, double, at::CUDAGeneratorImpl*)::{lambda()#1}::operator()() const::{lambda()#4}::operator()() const::{lambda(float)#1})::{lambda(hiprandStatePhilox4_32_10*)#2}, at::native::templates::cuda::normal_kernel<at::CUDAGeneratorImpl*>(at::TensorBase const&, double, double, at::CUDAGeneratorImpl*)::{lambda()#1}::operator()() const::{lambda()#4}::operator()() const::{lambda(float)#1}>(at::TensorIteratorBase&, at::CUDAGeneratorImpl*, at::native::templates::cuda::normal_and_transform<c10::BFloat16, float, at::CUDAGeneratorImpl*, at::native::templates::cuda::normal_kernel<at::CUDAGeneratorImpl*>(at::TensorBase const&, double, double, at::CUDAGeneratorImpl*)::{lambda()#1}::operator()() const::{lambda()#4}::operator()() const::{lambda(float)#1}>(at::TensorIteratorBase&, at::CUDAGeneratorImpl*, at::native::templates::cuda::normal_kernel<at::CUDAGeneratorImpl*>(at::TensorBase const&, double, double, at::CUDAGeneratorImpl*)::{lambda()#1}::operator()() const::{lambda()#4}::operator()() const::{lambda(float)#1})::{lambda(hiprandStatePhilox4_32_10*)#2} const&, at::native::templates::cuda::normal_kernel<at::CUDAGeneratorImpl*>(at::TensorBase const&, double, double, at::CUDAGeneratorImpl*)::{lambda()#1}::operator()() const::{lambda()#4}::operator()() const::{lambda(float)#1})::{lambda(int, float)#1}>(long, at::PhiloxCudaState, at::native::templates::cuda::normal_and_transform<c10::BFloat16, float, at::CUDAGeneratorImpl*, at::native::templates::cuda::normal_kernel<at::CUDAGeneratorImpl*>(at::TensorBase const&, double, double, at::CUDAGeneratorImpl*)::{lambda()#1}::operator()() const::{lambda()#4}::operator()() const::{lambda(float)#1}>(at::TensorIteratorBase&, at::CUDAGeneratorImpl*, at::native::templates::cuda::normal_kernel<at::CUDAGeneratorImpl*>(at::TensorBase const&, double, double, at::CUDAGeneratorImpl*)::{lambda()#1}::operator()() const::{lambda()#4}::operator()() const::{lambda(float)#1})::{lambda(hiprandStatePhilox4_32_10*)#2}, at::native::(anonymous namespace)::distribution_nullary_kernel<c10::BFloat16, float, HIP_vector_type<float, 4u>, at::CUDAGeneratorImpl*, at::native::templates::cuda::normal_and_transform<c10::BFloat16, float, at::CUDAGeneratorImpl*, at::native::templates::cuda::normal_kernel<at::CUDAGeneratorImpl*>(at::TensorBase const&, double, double, at::CUDAGeneratorImpl*)::{lambda()#1}::operator()() const::{lambda()#4}::operator()() const::{lambda(float)#1}>(at::TensorIteratorBase&, at::CUDAGeneratorImpl*, at::native::templates::cuda::normal_kernel<at::CUDAGeneratorImpl*>(at::TensorBase const&, double, double, at::CUDAGeneratorImpl*)::{lambda()#1}::operator()() const::{lambda()#4}::operator()() const::{lambda(float)#1})::{lambda(hiprandStatePhilox4_32_10*)#2}, at::native::templates::cuda::normal_kernel<at::CUDAGeneratorImpl*>(at::TensorBase const&, double, double, at::CUDAGeneratorImpl*)::{lambda()#1}::operator()() const::{lambda()#4}::operator()() const::{lambda(float)#1}>(at::TensorIteratorBase&, at::CUDAGeneratorImpl*, at::native::templates::cuda::normal_and_transform<c10::BFloat16, float, at::CUDAGeneratorImpl*, at::native::templates::cuda::normal_kernel<at::CUDAGeneratorImpl*>(at::TensorBase const&, double, double, at::CUDAGeneratorImpl*)::{lambda()#1}::operator()() const::{lambda()#4}::operator()() const::{lambda(float)#1}>(at::TensorIteratorBase&, at::CUDAGeneratorImpl*, at::native::templates::cuda::normal_kernel<at::CUDAGeneratorImpl*>(at::TensorBase const&, double, double, at::CUDAGeneratorImpl*)::{lambda()#1}::operator()() const::{lambda()#4}::operator()() const::{lambda(float)#1})::{lambda(hiprandStatePhilox4_32_10*)#2} const&, at::native::templates::cuda::normal_kernel<at::CUDAGeneratorImpl*>(at::TensorBase const&, double, double, at::CUDAGeneratorImpl*)::{lambda()#1}::operator()() const::{lambda()#4}::operator()() const::{lambda(float)#1})::{lambda(int, float)#1})",256,0,0,32,0,128,"SQ_INSTS_VEC32_VALU_WMMA",0.00000000e+00,84891762385079,84891762811998
1,1,"Agent 2",1,65994,65994,524288,27,"void at::native::(anonymous namespace)::distribution_elementwise_grid_stride_kernel<float, 4, at::native::templates::cuda::normal_and_transform<c10::BFloat16, float, at::CUDAGeneratorImpl*, at::native::templates::cuda::normal_kernel<at::CUDAGeneratorImpl*>(at::TensorBase const&, double, double, at::CUDAGeneratorImpl*)::{lambda()#1}::operator()() const::{lambda()#4}::operator()() const::{lambda(float)#1}>(at::TensorIteratorBase&, at::CUDAGeneratorImpl*, at::native::templates::cuda::normal_kernel<at::CUDAGeneratorImpl*>(at::TensorBase const&, double, double, at::CUDAGeneratorImpl*)::{lambda()#1}::operator()() const::{lambda()#4}::operator()() const::{lambda(float)#1})::{lambda(hiprandStatePhilox4_32_10*)#2}, at::native::(anonymous namespace)::distribution_nullary_kernel<c10::BFloat16, float, HIP_vector_type<float, 4u>, at::CUDAGeneratorImpl*, at::native::templates::cuda::normal_and_transform<c10::BFloat16, float, at::CUDAGeneratorImpl*, at::native::templates::cuda::normal_kernel<at::CUDAGeneratorImpl*>(at::TensorBase const&, double, double, at::CUDAGeneratorImpl*)::{lambda()#1}::operator()() const::{lambda()#4}::operator()() const::{lambda(float)#1}>(at::TensorIteratorBase&, at::CUDAGeneratorImpl*, at::native::templates::cuda::normal_kernel<at::CUDAGeneratorImpl*>(at::TensorBase const&, double, double, at::CUDAGeneratorImpl*)::{lambda()#1}::operator()() const::{lambda()#4}::operator()() const::{lambda(float)#1})::{lambda(hiprandStatePhilox4_32_10*)#2}, at::native::templates::cuda::normal_kernel<at::CUDAGeneratorImpl*>(at::TensorBase const&, double, double, at::CUDAGeneratorImpl*)::{lambda()#1}::operator()() const::{lambda()#4}::operator()() const::{lambda(float)#1}>(at::TensorIteratorBase&, at::CUDAGeneratorImpl*, at::native::templates::cuda::normal_and_transform<c10::BFloat16, float, at::CUDAGeneratorImpl*, at::native::templates::cuda::normal_kernel<at::CUDAGeneratorImpl*>(at::TensorBase const&, double, double, at::CUDAGeneratorImpl*)::{lambda()#1}::operator()() const::{lambda()#4}::operator()() const::{lambda(float)#1}>(at::TensorIteratorBase&, at::CUDAGeneratorImpl*, at::native::templates::cuda::normal_kernel<at::CUDAGeneratorImpl*>(at::TensorBase const&, double, double, at::CUDAGeneratorImpl*)::{lambda()#1}::operator()() const::{lambda()#4}::operator()() const::{lambda(float)#1})::{lambda(hiprandStatePhilox4_32_10*)#2} const&, at::native::templates::cuda::normal_kernel<at::CUDAGeneratorImpl*>(at::TensorBase const&, double, double, at::CUDAGeneratorImpl*)::{lambda()#1}::operator()() const::{lambda()#4}::operator()() const::{lambda(float)#1})::{lambda(int, float)#1}>(long, at::PhiloxCudaState, at::native::templates::cuda::normal_and_transform<c10::BFloat16, float, at::CUDAGeneratorImpl*, at::native::templates::cuda::normal_kernel<at::CUDAGeneratorImpl*>(at::TensorBase const&, double, double, at::CUDAGeneratorImpl*)::{lambda()#1}::operator()() const::{lambda()#4}::operator()() const::{lambda(float)#1}>(at::TensorIteratorBase&, at::CUDAGeneratorImpl*, at::native::templates::cuda::normal_kernel<at::CUDAGeneratorImpl*>(at::TensorBase const&, double, double, at::CUDAGeneratorImpl*)::{lambda()#1}::operator()() const::{lambda()#4}::operator()() const::{lambda(float)#1})::{lambda(hiprandStatePhilox4_32_10*)#2}, at::native::(anonymous namespace)::distribution_nullary_kernel<c10::BFloat16, float, HIP_vector_type<float, 4u>, at::CUDAGeneratorImpl*, at::native::templates::cuda::normal_and_transform<c10::BFloat16, float, at::CUDAGeneratorImpl*, at::native::templates::cuda::normal_kernel<at::CUDAGeneratorImpl*>(at::TensorBase const&, double, double, at::CUDAGeneratorImpl*)::{lambda()#1}::operator()() const::{lambda()#4}::operator()() const::{lambda(float)#1}>(at::TensorIteratorBase&, at::CUDAGeneratorImpl*, at::native::templates::cuda::normal_kernel<at::CUDAGeneratorImpl*>(at::TensorBase const&, double, double, at::CUDAGeneratorImpl*)::{lambda()#1}::operator()() const::{lambda()#4}::operator()() const::{lambda(float)#1})::{lambda(hiprandStatePhilox4_32_10*)#2}, at::native::templates::cuda::normal_kernel<at::CUDAGeneratorImpl*>(at::TensorBase const&, double, double, at::CUDAGeneratorImpl*)::{lambda()#1}::operator()() const::{lambda()#4}::operator()() const::{lambda(float)#1}>(at::TensorIteratorBase&, at::CUDAGeneratorImpl*, at::native::templates::cuda::normal_and_transform<c10::BFloat16, float, at::CUDAGeneratorImpl*, at::native::templates::cuda::normal_kernel<at::CUDAGeneratorImpl*>(at::TensorBase const&, double, double, at::CUDAGeneratorImpl*)::{lambda()#1}::operator()() const::{lambda()#4}::operator()() const::{lambda(float)#1}>(at::TensorIteratorBase&, at::CUDAGeneratorImpl*, at::native::templates::cuda::normal_kernel<at::CUDAGeneratorImpl*>(at::TensorBase const&, double, double, at::CUDAGeneratorImpl*)::{lambda()#1}::operator()() const::{lambda()#4}::operator()() const::{lambda(float)#1})::{lambda(hiprandStatePhilox4_32_10*)#2} const&, at::native::templates::cuda::normal_kernel<at::CUDAGeneratorImpl*>(at::TensorBase const&, double, double, at::CUDAGeneratorImpl*)::{lambda()#1}::operator()() const::{lambda()#4}::operator()() const::{lambda(float)#1})::{lambda(int, float)#1})",256,0,0,32,0,128,"SQ_VALU_WMMA_FLOP_BF16",0.00000000e+00,84891762385079,84891762811998
2,2,"Agent 2",1,65994,65994,16777216,155,"void at::native::vectorized_elementwise_kernel<8, at::native::AUnaryFunctor<c10::BFloat16, c10::BFloat16, c10::BFloat16, at::native::binary_internal::MulFunctor<float> >, std::array<char*, 2ul> >(int, at::native::AUnaryFunctor<c10::BFloat16, c10::BFloat16, c10::BFloat16, at::native::binary_internal::MulFunctor<float> >, std::array<char*, 2ul>)",256,0,0,24,0,128,"SQ_ITEMS",16777216.000000,84891778923403,84891778987099
2,2,"Agent 2",1,65994,65994,16777216,155,"void at::native::vectorized_elementwise_kernel<8, at::native::AUnaryFunctor<c10::BFloat16, c10::BFloat16, c10::BFloat16, at::native::binary_internal::MulFunctor<float> >, std::array<char*, 2ul> >(int, at::native::AUnaryFunctor<c10::BFloat16, c10::BFloat16, c10::BFloat16, at::native::binary_internal::MulFunctor<float> >, std::array<char*, 2ul>)",256,0,0,24,0,128,"SQ_INST_CYCLES_VALU_WMMA",0.00000000e+00,84891778923403,84891778987099
2,2,"Agent 2",1,65994,65994,16777216,155,"void at::native::vectorized_elementwise_kernel<8, at::native::AUnaryFunctor<c10::BFloat16, c10::BFloat16, c10::BFloat16, at::native::binary_internal::MulFunctor<float> >, std::array<char*, 2ul> >(int, at::native::AUnaryFunctor<c10::BFloat16, c10::BFloat16, c10::BFloat16, at::native::binary_internal::MulFunctor<float> >, std::array<char*, 2ul>)",256,0,0,24,0,128,"SQ_INSTS_VEC32_VALU_WMMA",0.00000000e+00,84891778923403,84891778987099
2,2,"Agent 2",1,65994,65994,16777216,155,"void at::native::vectorized_elementwise_kernel<8, at::native::AUnaryFunctor<c10::BFloat16, c10::BFloat16, c10::BFloat16, at::native::binary_internal::MulFunctor<float> >, std::array<char*, 2ul> >(int, at::native::AUnaryFunctor<c10::BFloat16, c10::BFloat16, c10::BFloat16, at::native::binary_internal::MulFunctor<float> >, std::array<char*, 2ul>)",256,0,0,24,0,128,"SQ_VALU_WMMA_FLOP_BF16",0.00000000e+00,84891778923403,84891778987099
3,3,"Agent 2",1,65994,65994,524288,246,"aiter::fmha_bf16_pertokenBf16_hd128_128x256_mask",128,327680,0,512,0,128,"SQ_ITEMS",524288.000000,84895160046769,84895161298043
3,3,"Agent 2",1,65994,65994,524288,246,"aiter::fmha_bf16_pertokenBf16_hd128_128x256_mask",128,327680,0,512,0,128,"SQ_INST_CYCLES_VALU_WMMA",0.00000000e+00,84895160046769,84895161298043
3,3,"Agent 2",1,65994,65994,524288,246,"aiter::fmha_bf16_pertokenBf16_hd128_128x256_mask",128,327680,0,512,0,128,"SQ_INSTS_VEC32_VALU_WMMA",0.00000000e+00,84895160046769,84895161298043
3,3,"Agent 2",1,65994,65994,524288,246,"aiter::fmha_bf16_pertokenBf16_hd128_128x256_mask",128,327680,0,512,0,128,"SQ_VALU_WMMA_FLOP_BF16",0.00000000e+00,84895160046769,84895161298043
4,4,"Agent 2",1,65994,65994,524288,246,"aiter::fmha_bf16_pertokenBf16_hd128_128x256_mask",128,327680,0,512,0,128,"SQ_ITEMS",524288.000000,84895161717711,84895162882135
4,4,"Agent 2",1,65994,65994,524288,246,"aiter::fmha_bf16_pertokenBf16_hd128_128x256_mask",128,327680,0,512,0,128,"SQ_INST_CYCLES_VALU_WMMA",0.00000000e+00,84895161717711,84895162882135
4,4,"Agent 2",1,65994,65994,524288,246,"aiter::fmha_bf16_pertokenBf16_hd128_128x256_mask",128,327680,0,512,0,128,"SQ_INSTS_VEC32_VALU_WMMA",0.00000000e+00,84895161717711,84895162882135
4,4,"Agent 2",1,65994,65994,524288,246,"aiter::fmha_bf16_pertokenBf16_hd128_128x256_mask",128,327680,0,512,0,128,"SQ_VALU_WMMA_FLOP_BF16",0.00000000e+00,84895161717711,84895162882135
5,5,"Agent 2",1,65994,65994,524288,246,"aiter::fmha_bf16_pertokenBf16_hd128_128x256_mask",128,327680,0,512,0,128,"SQ_ITEMS",524288.000000,84895163326360,84895164421310
5,5,"Agent 2",1,65994,65994,524288,246,"aiter::fmha_bf16_pertokenBf16_hd128_128x256_mask",128,327680,0,512,0,128,"SQ_INST_CYCLES_VALU_WMMA",0.00000000e+00,84895163326360,84895164421310
5,5,"Agent 2",1,65994,65994,524288,246,"aiter::fmha_bf16_pertokenBf16_hd128_128x256_mask",128,327680,0,512,0,128,"SQ_INSTS_VEC32_VALU_WMMA",0.00000000e+00,84895163326360,84895164421310
5,5,"Agent 2",1,65994,65994,524288,246,"aiter::fmha_bf16_pertokenBf16_hd128_128x256_mask",128,327680,0,512,0,128,"SQ_VALU_WMMA_FLOP_BF16",0.00000000e+00,84895163326360,84895164421310
6,6,"Agent 2",1,65994,65994,524288,246,"aiter::fmha_bf16_pertokenBf16_hd128_128x256_mask",128,327680,0,512,0,128,"SQ_ITEMS",524288.000000,84895164871304,84895165961347
6,6,"Agent 2",1,65994,65994,524288,246,"aiter::fmha_bf16_pertokenBf16_hd128_128x256_mask",128,327680,0,512,0,128,"SQ_INST_CYCLES_VALU_WMMA",0.00000000e+00,84895164871304,84895165961347
6,6,"Agent 2",1,65994,65994,524288,246,"aiter::fmha_bf16_pertokenBf16_hd128_128x256_mask",128,327680,0,512,0,128,"SQ_INSTS_VEC32_VALU_WMMA",0.00000000e+00,84895164871304,84895165961347
6,6,"Agent 2",1,65994,65994,524288,246,"aiter::fmha_bf16_pertokenBf16_hd128_128x256_mask",128,327680,0,512,0,128,"SQ_VALU_WMMA_FLOP_BF16",0.00000000e+00,84895164871304,84895165961347
7,7,"Agent 2",1,65994,65994,524288,246,"aiter::fmha_bf16_pertokenBf16_hd128_128x256_mask",128,327680,0,512,0,128,"SQ_ITEMS",524288.000000,84895166418752,84895167605890
7,7,"Agent 2",1,65994,65994,524288,246,"aiter::fmha_bf16_pertokenBf16_hd128_128x256_mask",128,327680,0,512,0,128,"SQ_INST_CYCLES_VALU_WMMA",0.00000000e+00,84895166418752,84895167605890
7,7,"Agent 2",1,65994,65994,524288,246,"aiter::fmha_bf16_pertokenBf16_hd128_128x256_mask",128,327680,0,512,0,128,"SQ_INSTS_VEC32_VALU_WMMA",0.00000000e+00,84895166418752,84895167605890
7,7,"Agent 2",1,65994,65994,524288,246,"aiter::fmha_bf16_pertokenBf16_hd128_128x256_mask",128,327680,0,512,0,128,"SQ_VALU_WMMA_FLOP_BF16",0.00000000e+00,84895166418752,84895167605890
8,8,"Agent 2",1,65994,65994,33554432,272,"void at::native::vectorized_elementwise_kernel<4, at::native::FillFunctor<float>, std::array<char*, 1ul> >(int, at::native::FillFunctor<float>, std::array<char*, 1ul>)",256,0,0,8,0,128,"SQ_ITEMS",33554432.000000,84895177861731,84895177920379
8,8,"Agent 2",1,65994,65994,33554432,272,"void at::native::vectorized_elementwise_kernel<4, at::native::FillFunctor<float>, std::array<char*, 1ul> >(int, at::native::FillFunctor<float>, std::array<char*, 1ul>)",256,0,0,8,0,128,"SQ_INST_CYCLES_VALU_WMMA",0.00000000e+00,84895177861731,84895177920379
8,8,"Agent 2",1,65994,65994,33554432,272,"void at::native::vectorized_elementwise_kernel<4, at::native::FillFunctor<float>, std::array<char*, 1ul> >(int, at::native::FillFunctor<float>, std::array<char*, 1ul>)",256,0,0,8,0,128,"SQ_INSTS_VEC32_VALU_WMMA",0.00000000e+00,84895177861731,84895177920379
8,8,"Agent 2",1,65994,65994,33554432,272,"void at::native::vectorized_elementwise_kernel<4, at::native::FillFunctor<float>, std::array<char*, 1ul> >(int, at::native::FillFunctor<float>, std::array<char*, 1ul>)",256,0,0,8,0,128,"SQ_VALU_WMMA_FLOP_BF16",0.00000000e+00,84895177861731,84895177920379
9,9,"Agent 2",1,65994,65994,1048576,415,"aiter::fmha_bwd_hd128_odo_bf16",128,0,0,24,0,128,"SQ_ITEMS",1048576.000000,84895178887868,84895178929210
9,9,"Agent 2",1,65994,65994,1048576,415,"aiter::fmha_bwd_hd128_odo_bf16",128,0,0,24,0,128,"SQ_INST_CYCLES_VALU_WMMA",0.00000000e+00,84895178887868,84895178929210
9,9,"Agent 2",1,65994,65994,1048576,415,"aiter::fmha_bwd_hd128_odo_bf16",128,0,0,24,0,128,"SQ_INSTS_VEC32_VALU_WMMA",0.00000000e+00,84895178887868,84895178929210
9,9,"Agent 2",1,65994,65994,1048576,415,"aiter::fmha_bwd_hd128_odo_bf16",128,0,0,24,0,128,"SQ_VALU_WMMA_FLOP_BF16",0.00000000e+00,84895178887868,84895178929210
10,10,"Agent 2",1,65994,65994,524288,416,"aiter::fmha_bwd_hd128_bf16_causal_br_a32_pssk",128,327680,0,512,0,128,"SQ_ITEMS",589824.000000,84895179348277,84895185366611
10,10,"Agent 2",1,65994,65994,524288,416,"aiter::fmha_bwd_hd128_bf16_causal_br_a32_pssk",128,327680,0,512,0,128,"SQ_INST_CYCLES_VALU_WMMA",0.00000000e+00,84895179348277,84895185366611
10,10,"Agent 2",1,65994,65994,524288,416,"aiter::fmha_bwd_hd128_bf16_causal_br_a32_pssk",128,327680,0,512,0,128,"SQ_INSTS_VEC32_VALU_WMMA",0.00000000e+00,84895179348277,84895185366611
10,10,"Agent 2",1,65994,65994,524288,416,"aiter::fmha_bwd_hd128_bf16_causal_br_a32_pssk",128,327680,0,512,0,128,"SQ_VALU_WMMA_FLOP_BF16",0.00000000e+00,84895179348277,84895185366611
11,11,"Agent 2",1,65994,65994,2097152,417,"aiter::fmha_bwd_hd128_dq_convert_bf16",128,0,0,16,0,128,"SQ_ITEMS",2097152.000000,84895185806670,84895185880461
11,11,"Agent 2",1,65994,65994,2097152,417,"aiter::fmha_bwd_hd128_dq_convert_bf16",128,0,0,16,0,128,"SQ_INST_CYCLES_VALU_WMMA",0.00000000e+00,84895185806670,84895185880461
11,11,"Agent 2",1,65994,65994,2097152,417,"aiter::fmha_bwd_hd128_dq_convert_bf16",128,0,0,16,0,128,"SQ_INSTS_VEC32_VALU_WMMA",0.00000000e+00,84895185806670,84895185880461
11,11,"Agent 2",1,65994,65994,2097152,417,"aiter::fmha_bwd_hd128_dq_convert_bf16",128,0,0,16,0,128,"SQ_VALU_WMMA_FLOP_BF16",0.00000000e+00,84895185806670,84895185880461
12,12,"Agent 2",1,65994,65994,8388608,492,"void at::native::reduce_kernel<128, 4, at::native::ReduceOp<c10::BFloat16, at::native::func_wrapper_t<c10::BFloat16, at::native::sum_functor<c10::BFloat16, float, c10::BFloat16>::operator()(at::TensorIterator&)::{lambda(float, float)#1}>, unsigned int, c10::BFloat16, 4, 8> >(at::native::ReduceOp<c10::BFloat16, at::native::func_wrapper_t<c10::BFloat16, at::native::sum_functor<c10::BFloat16, float, c10::BFloat16>::operator()(at::TensorIterator&)::{lambda(float, float)#1}>, unsigned int, c10::BFloat16, 4, 8>)",128,512,0,32,0,128,"SQ_ITEMS",8388608.000000,84895188578342,84895188637711
12,12,"Agent 2",1,65994,65994,8388608,492,"void at::native::reduce_kernel<128, 4, at::native::ReduceOp<c10::BFloat16, at::native::func_wrapper_t<c10::BFloat16, at::native::sum_functor<c10::BFloat16, float, c10::BFloat16>::operator()(at::TensorIterator&)::{lambda(float, float)#1}>, unsigned int, c10::BFloat16, 4, 8> >(at::native::ReduceOp<c10::BFloat16, at::native::func_wrapper_t<c10::BFloat16, at::native::sum_functor<c10::BFloat16, float, c10::BFloat16>::operator()(at::TensorIterator&)::{lambda(float, float)#1}>, unsigned int, c10::BFloat16, 4, 8>)",128,512,0,32,0,128,"SQ_INST_CYCLES_VALU_WMMA",0.00000000e+00,84895188578342,84895188637711
12,12,"Agent 2",1,65994,65994,8388608,492,"void at::native::reduce_kernel<128, 4, at::native::ReduceOp<c10::BFloat16, at::native::func_wrapper_t<c10::BFloat16, at::native::sum_functor<c10::BFloat16, float, c10::BFloat16>::operator()(at::TensorIterator&)::{lambda(float, float)#1}>, unsigned int, c10::BFloat16, 4, 8> >(at::native::ReduceOp<c10::BFloat16, at::native::func_wrapper_t<c10::BFloat16, at::native::sum_functor<c10::BFloat16, float, c10::BFloat16>::operator()(at::TensorIterator&)::{lambda(float, float)#1}>, unsigned int, c10::BFloat16, 4, 8>)",128,512,0,32,0,128,"SQ_INSTS_VEC32_VALU_WMMA",0.00000000e+00,84895188578342,84895188637711
12,12,"Agent 2",1,65994,65994,8388608,492,"void at::native::reduce_kernel<128, 4, at::native::ReduceOp<c10::BFloat16, at::native::func_wrapper_t<c10::BFloat16, at::native::sum_functor<c10::BFloat16, float, c10::BFloat16>::operator()(at::TensorIterator&)::{lambda(float, float)#1}>, unsigned int, c10::BFloat16, 4, 8> >(at::native::ReduceOp<c10::BFloat16, at::native::func_wrapper_t<c10::BFloat16, at::native::sum_functor<c10::BFloat16, float, c10::BFloat16>::operator()(at::TensorIterator&)::{lambda(float, float)#1}>, unsigned int, c10::BFloat16, 4, 8>)",128,512,0,32,0,128,"SQ_VALU_WMMA_FLOP_BF16",0.00000000e+00,84895188578342,84895188637711
13,13,"Agent 2",1,65994,65994,8388608,492,"void at::native::reduce_kernel<128, 4, at::native::ReduceOp<c10::BFloat16, at::native::func_wrapper_t<c10::BFloat16, at::native::sum_functor<c10::BFloat16, float, c10::BFloat16>::operator()(at::TensorIterator&)::{lambda(float, float)#1}>, unsigned int, c10::BFloat16, 4, 8> >(at::native::ReduceOp<c10::BFloat16, at::native::func_wrapper_t<c10::BFloat16, at::native::sum_functor<c10::BFloat16, float, c10::BFloat16>::operator()(at::TensorIterator&)::{lambda(float, float)#1}>, unsigned int, c10::BFloat16, 4, 8>)",128,512,0,32,0,128,"SQ_ITEMS",8388608.000000,84895189047044,84895189106333
13,13,"Agent 2",1,65994,65994,8388608,492,"void at::native::reduce_kernel<128, 4, at::native::ReduceOp<c10::BFloat16, at::native::func_wrapper_t<c10::BFloat16, at::native::sum_functor<c10::BFloat16, float, c10::BFloat16>::operator()(at::TensorIterator&)::{lambda(float, float)#1}>, unsigned int, c10::BFloat16, 4, 8> >(at::native::ReduceOp<c10::BFloat16, at::native::func_wrapper_t<c10::BFloat16, at::native::sum_functor<c10::BFloat16, float, c10::BFloat16>::operator()(at::TensorIterator&)::{lambda(float, float)#1}>, unsigned int, c10::BFloat16, 4, 8>)",128,512,0,32,0,128,"SQ_INST_CYCLES_VALU_WMMA",0.00000000e+00,84895189047044,84895189106333
13,13,"Agent 2",1,65994,65994,8388608,492,"void at::native::reduce_kernel<128, 4, at::native::ReduceOp<c10::BFloat16, at::native::func_wrapper_t<c10::BFloat16, at::native::sum_functor<c10::BFloat16, float, c10::BFloat16>::operator()(at::TensorIterator&)::{lambda(float, float)#1}>, unsigned int, c10::BFloat16, 4, 8> >(at::native::ReduceOp<c10::BFloat16, at::native::func_wrapper_t<c10::BFloat16, at::native::sum_functor<c10::BFloat16, float, c10::BFloat16>::operator()(at::TensorIterator&)::{lambda(float, float)#1}>, unsigned int, c10::BFloat16, 4, 8>)",128,512,0,32,0,128,"SQ_INSTS_VEC32_VALU_WMMA",0.00000000e+00,84895189047044,84895189106333
13,13,"Agent 2",1,65994,65994,8388608,492,"void at::native::reduce_kernel<128, 4, at::native::ReduceOp<c10::BFloat16, at::native::func_wrapper_t<c10::BFloat16, at::native::sum_functor<c10::BFloat16, float, c10::BFloat16>::operator()(at::TensorIterator&)::{lambda(float, float)#1}>, unsigned int, c10::BFloat16, 4, 8> >(at::native::ReduceOp<c10::BFloat16, at::native::func_wrapper_t<c10::BFloat16, at::native::sum_functor<c10::BFloat16, float, c10::BFloat16>::operator()(at::TensorIterator&)::{lambda(float, float)#1}>, unsigned int, c10::BFloat16, 4, 8>)",128,512,0,32,0,128,"SQ_VALU_WMMA_FLOP_BF16",0.00000000e+00,84895189047044,84895189106333
14,14,"Agent 2",1,65994,65994,33554432,272,"void at::native::vectorized_elementwise_kernel<4, at::native::FillFunctor<float>, std::array<char*, 1ul> >(int, at::native::FillFunctor<float>, std::array<char*, 1ul>)",256,0,0,8,0,128,"SQ_ITEMS",33554432.000000,84895189528805,84895189583848
14,14,"Agent 2",1,65994,65994,33554432,272,"void at::native::vectorized_elementwise_kernel<4, at::native::FillFunctor<float>, std::array<char*, 1ul> >(int, at::native::FillFunctor<float>, std::array<char*, 1ul>)",256,0,0,8,0,128,"SQ_INST_CYCLES_VALU_WMMA",0.00000000e+00,84895189528805,84895189583848
14,14,"Agent 2",1,65994,65994,33554432,272,"void at::native::vectorized_elementwise_kernel<4, at::native::FillFunctor<float>, std::array<char*, 1ul> >(int, at::native::FillFunctor<float>, std::array<char*, 1ul>)",256,0,0,8,0,128,"SQ_INSTS_VEC32_VALU_WMMA",0.00000000e+00,84895189528805,84895189583848
14,14,"Agent 2",1,65994,65994,33554432,272,"void at::native::vectorized_elementwise_kernel<4, at::native::FillFunctor<float>, std::array<char*, 1ul> >(int, at::native::FillFunctor<float>, std::array<char*, 1ul>)",256,0,0,8,0,128,"SQ_VALU_WMMA_FLOP_BF16",0.00000000e+00,84895189528805,84895189583848
15,15,"Agent 2",1,65994,65994,1048576,415,"aiter::fmha_bwd_hd128_odo_bf16",128,0,0,24,0,128,"SQ_ITEMS",1048576.000000,84895190004237,84895190047823
15,15,"Agent 2",1,65994,65994,1048576,415,"aiter::fmha_bwd_hd128_odo_bf16",128,0,0,24,0,128,"SQ_INST_CYCLES_VALU_WMMA",0.00000000e+00,84895190004237,84895190047823
15,15,"Agent 2",1,65994,65994,1048576,415,"aiter::fmha_bwd_hd128_odo_bf16",128,0,0,24,0,128,"SQ_INSTS_VEC32_VALU_WMMA",0.00000000e+00,84895190004237,84895190047823
15,15,"Agent 2",1,65994,65994,1048576,415,"aiter::fmha_bwd_hd128_odo_bf16",128,0,0,24,0,128,"SQ_VALU_WMMA_FLOP_BF16",0.00000000e+00,84895190004237,84895190047823
16,16,"Agent 2",1,65994,65994,524288,416,"aiter::fmha_bwd_hd128_bf16_causal_br_a32_pssk",128,327680,0,512,0,128,"SQ_ITEMS",524288.000000,84895190472258,84895196433387
16,16,"Agent 2",1,65994,65994,524288,416,"aiter::fmha_bwd_hd128_bf16_causal_br_a32_pssk",128,327680,0,512,0,128,"SQ_INST_CYCLES_VALU_WMMA",0.00000000e+00,84895190472258,84895196433387
16,16,"Agent 2",1,65994,65994,524288,416,"aiter::fmha_bwd_hd128_bf16_causal_br_a32_pssk",128,327680,0,512,0,128,"SQ_INSTS_VEC32_VALU_WMMA",0.00000000e+00,84895190472258,84895196433387
16,16,"Agent 2",1,65994,65994,524288,416,"aiter::fmha_bwd_hd128_bf16_causal_br_a32_pssk",128,327680,0,512,0,128,"SQ_VALU_WMMA_FLOP_BF16",0.00000000e+00,84895190472258,84895196433387
17,17,"Agent 2",1,65994,65994,2097152,417,"aiter::fmha_bwd_hd128_dq_convert_bf16",128,0,0,16,0,128,"SQ_ITEMS",2097152.000000,84895196862109,84895196932094
17,17,"Agent 2",1,65994,65994,2097152,417,"aiter::fmha_bwd_hd128_dq_convert_bf16",128,0,0,16,0,128,"SQ_INST_CYCLES_VALU_WMMA",0.00000000e+00,84895196862109,84895196932094
17,17,"Agent 2",1,65994,65994,2097152,417,"aiter::fmha_bwd_hd128_dq_convert_bf16",128,0,0,16,0,128,"SQ_INSTS_VEC32_VALU_WMMA",0.00000000e+00,84895196862109,84895196932094
17,17,"Agent 2",1,65994,65994,2097152,417,"aiter::fmha_bwd_hd128_dq_convert_bf16",128,0,0,16,0,128,"SQ_VALU_WMMA_FLOP_BF16",0.00000000e+00,84895196862109,84895196932094
18,18,"Agent 2",1,65994,65994,8388608,492,"void at::native::reduce_kernel<128, 4, at::native::ReduceOp<c10::BFloat16, at::native::func_wrapper_t<c10::BFloat16, at::native::sum_functor<c10::BFloat16, float, c10::BFloat16>::operator()(at::TensorIterator&)::{lambda(float, float)#1}>, unsigned int, c10::BFloat16, 4, 8> >(at::native::ReduceOp<c10::BFloat16, at::native::func_wrapper_t<c10::BFloat16, at::native::sum_functor<c10::BFloat16, float, c10::BFloat16>::operator()(at::TensorIterator&)::{lambda(float, float)#1}>, unsigned int, c10::BFloat16, 4, 8>)",128,512,0,32,0,128,"SQ_ITEMS",8388608.000000,84895197380645,84895197443980
18,18,"Agent 2",1,65994,65994,8388608,492,"void at::native::reduce_kernel<128, 4, at::native::ReduceOp<c10::BFloat16, at::native::func_wrapper_t<c10::BFloat16, at::native::sum_functor<c10::BFloat16, float, c10::BFloat16>::operator()(at::TensorIterator&)::{lambda(float, float)#1}>, unsigned int, c10::BFloat16, 4, 8> >(at::native::ReduceOp<c10::BFloat16, at::native::func_wrapper_t<c10::BFloat16, at::native::sum_functor<c10::BFloat16, float, c10::BFloat16>::operator()(at::TensorIterator&)::{lambda(float, float)#1}>, unsigned int, c10::BFloat16, 4, 8>)",128,512,0,32,0,128,"SQ_INST_CYCLES_VALU_WMMA",0.00000000e+00,84895197380645,84895197443980
18,18,"Agent 2",1,65994,65994,8388608,492,"void at::native::reduce_kernel<128, 4, at::native::ReduceOp<c10::BFloat16, at::native::func_wrapper_t<c10::BFloat16, at::native::sum_functor<c10::BFloat16, float, c10::BFloat16>::operator()(at::TensorIterator&)::{lambda(float, float)#1}>, unsigned int, c10::BFloat16, 4, 8> >(at::native::ReduceOp<c10::BFloat16, at::native::func_wrapper_t<c10::BFloat16, at::native::sum_functor<c10::BFloat16, float, c10::BFloat16>::operator()(at::TensorIterator&)::{lambda(float, float)#1}>, unsigned int, c10::BFloat16, 4, 8>)",128,512,0,32,0,128,"SQ_INSTS_VEC32_VALU_WMMA",0.00000000e+00,84895197380645,84895197443980
18,18,"Agent 2",1,65994,65994,8388608,492,"void at::native::reduce_kernel<128, 4, at::native::ReduceOp<c10::BFloat16, at::native::func_wrapper_t<c10::BFloat16, at::native::sum_functor<c10::BFloat16, float, c10::BFloat16>::operator()(at::TensorIterator&)::{lambda(float, float)#1}>, unsigned int, c10::BFloat16, 4, 8> >(at::native::ReduceOp<c10::BFloat16, at::native::func_wrapper_t<c10::BFloat16, at::native::sum_functor<c10::BFloat16, float, c10::BFloat16>::operator()(at::TensorIterator&)::{lambda(float, float)#1}>, unsigned int, c10::BFloat16, 4, 8>)",128,512,0,32,0,128,"SQ_VALU_WMMA_FLOP_BF16",0.00000000e+00,84895197380645,84895197443980
19,19,"Agent 2",1,65994,65994,8388608,492,"void at::native::reduce_kernel<128, 4, at::native::ReduceOp<c10::BFloat16, at::native::func_wrapper_t<c10::BFloat16, at::native::sum_functor<c10::BFloat16, float, c10::BFloat16>::operator()(at::TensorIterator&)::{lambda(float, float)#1}>, unsigned int, c10::BFloat16, 4, 8> >(at::native::ReduceOp<c10::BFloat16, at::native::func_wrapper_t<c10::BFloat16, at::native::sum_functor<c10::BFloat16, float, c10::BFloat16>::operator()(at::TensorIterator&)::{lambda(float, float)#1}>, unsigned int, c10::BFloat16, 4, 8>)",128,512,0,32,0,128,"SQ_ITEMS",8388608.000000,84895197879112,84895197938080
19,19,"Agent 2",1,65994,65994,8388608,492,"void at::native::reduce_kernel<128, 4, at::native::ReduceOp<c10::BFloat16, at::native::func_wrapper_t<c10::BFloat16, at::native::sum_functor<c10::BFloat16, float, c10::BFloat16>::operator()(at::TensorIterator&)::{lambda(float, float)#1}>, unsigned int, c10::BFloat16, 4, 8> >(at::native::ReduceOp<c10::BFloat16, at::native::func_wrapper_t<c10::BFloat16, at::native::sum_functor<c10::BFloat16, float, c10::BFloat16>::operator()(at::TensorIterator&)::{lambda(float, float)#1}>, unsigned int, c10::BFloat16, 4, 8>)",128,512,0,32,0,128,"SQ_INST_CYCLES_VALU_WMMA",0.00000000e+00,84895197879112,84895197938080
19,19,"Agent 2",1,65994,65994,8388608,492,"void at::native::reduce_kernel<128, 4, at::native::ReduceOp<c10::BFloat16, at::native::func_wrapper_t<c10::BFloat16, at::native::sum_functor<c10::BFloat16, float, c10::BFloat16>::operator()(at::TensorIterator&)::{lambda(float, float)#1}>, unsigned int, c10::BFloat16, 4, 8> >(at::native::ReduceOp<c10::BFloat16, at::native::func_wrapper_t<c10::BFloat16, at::native::sum_functor<c10::BFloat16, float, c10::BFloat16>::operator()(at::TensorIterator&)::{lambda(float, float)#1}>, unsigned int, c10::BFloat16, 4, 8>)",128,512,0,32,0,128,"SQ_INSTS_VEC32_VALU_WMMA",0.00000000e+00,84895197879112,84895197938080
19,19,"Agent 2",1,65994,65994,8388608,492,"void at::native::reduce_kernel<128, 4, at::native::ReduceOp<c10::BFloat16, at::native::func_wrapper_t<c10::BFloat16, at::native::sum_functor<c10::BFloat16, float, c10::BFloat16>::operator()(at::TensorIterator&)::{lambda(float, float)#1}>, unsigned int, c10::BFloat16, 4, 8> >(at::native::ReduceOp<c10::BFloat16, at::native::func_wrapper_t<c10::BFloat16, at::native::sum_functor<c10::BFloat16, float, c10::BFloat16>::operator()(at::TensorIterator&)::{lambda(float, float)#1}>, unsigned int, c10::BFloat16, 4, 8>)",128,512,0,32,0,128,"SQ_VALU_WMMA_FLOP_BF16",0.00000000e+00,84895197879112,84895197938080
20,20,"Agent 2",1,65994,65994,33554432,272,"void at::native::vectorized_elementwise_kernel<4, at::native::FillFunctor<float>, std::array<char*, 1ul> >(int, at::native::FillFunctor<float>, std::array<char*, 1ul>)",256,0,0,8,0,128,"SQ_ITEMS",33554432.000000,84895198370688,84895198426011
20,20,"Agent 2",1,65994,65994,33554432,272,"void at::native::vectorized_elementwise_kernel<4, at::native::FillFunctor<float>, std::array<char*, 1ul> >(int, at::native::FillFunctor<float>, std::array<char*, 1ul>)",256,0,0,8,0,128,"SQ_INST_CYCLES_VALU_WMMA",0.00000000e+00,84895198370688,84895198426011
20,20,"Agent 2",1,65994,65994,33554432,272,"void at::native::vectorized_elementwise_kernel<4, at::native::FillFunctor<float>, std::array<char*, 1ul> >(int, at::native::FillFunctor<float>, std::array<char*, 1ul>)",256,0,0,8,0,128,"SQ_INSTS_VEC32_VALU_WMMA",0.00000000e+00,84895198370688,84895198426011
20,20,"Agent 2",1,65994,65994,33554432,272,"void at::native::vectorized_elementwise_kernel<4, at::native::FillFunctor<float>, std::array<char*, 1ul> >(int, at::native::FillFunctor<float>, std::array<char*, 1ul>)",256,0,0,8,0,128,"SQ_VALU_WMMA_FLOP_BF16",0.00000000e+00,84895198370688,84895198426011
21,21,"Agent 2",1,65994,65994,1048576,415,"aiter::fmha_bwd_hd128_odo_bf16",128,0,0,24,0,128,"SQ_ITEMS",1048576.000000,84895198839711,84895198882134
21,21,"Agent 2",1,65994,65994,1048576,415,"aiter::fmha_bwd_hd128_odo_bf16",128,0,0,24,0,128,"SQ_INST_CYCLES_VALU_WMMA",0.00000000e+00,84895198839711,84895198882134
21,21,"Agent 2",1,65994,65994,1048576,415,"aiter::fmha_bwd_hd128_odo_bf16",128,0,0,24,0,128,"SQ_INSTS_VEC32_VALU_WMMA",0.00000000e+00,84895198839711,84895198882134
21,21,"Agent 2",1,65994,65994,1048576,415,"aiter::fmha_bwd_hd128_odo_bf16",128,0,0,24,0,128,"SQ_VALU_WMMA_FLOP_BF16",0.00000000e+00,84895198839711,84895198882134
22,22,"Agent 2",1,65994,65994,524288,416,"aiter::fmha_bwd_hd128_bf16_causal_br_a32_pssk",128,327680,0,512,0,128,"SQ_ITEMS",524288.000000,84895199303846,84895205235891
22,22,"Agent 2",1,65994,65994,524288,416,"aiter::fmha_bwd_hd128_bf16_causal_br_a32_pssk",128,327680,0,512,0,128,"SQ_INST_CYCLES_VALU_WMMA",0.00000000e+00,84895199303846,84895205235891
22,22,"Agent 2",1,65994,65994,524288,416,"aiter::fmha_bwd_hd128_bf16_causal_br_a32_pssk",128,327680,0,512,0,128,"SQ_INSTS_VEC32_VALU_WMMA",0.00000000e+00,84895199303846,84895205235891
22,22,"Agent 2",1,65994,65994,524288,416,"aiter::fmha_bwd_hd128_bf16_causal_br_a32_pssk",128,327680,0,512,0,128,"SQ_VALU_WMMA_FLOP_BF16",0.00000000e+00,84895199303846,84895205235891
23,23,"Agent 2",1,65994,65994,2097152,417,"aiter::fmha_bwd_hd128_dq_convert_bf16",128,0,0,16,0,128,"SQ_ITEMS",2097152.000000,84895205673186,84895205747457
23,23,"Agent 2",1,65994,65994,2097152,417,"aiter::fmha_bwd_hd128_dq_convert_bf16",128,0,0,16,0,128,"SQ_INST_CYCLES_VALU_WMMA",0.00000000e+00,84895205673186,84895205747457
23,23,"Agent 2",1,65994,65994,2097152,417,"aiter::fmha_bwd_hd128_dq_convert_bf16",128,0,0,16,0,128,"SQ_INSTS_VEC32_VALU_WMMA",0.00000000e+00,84895205673186,84895205747457
23,23,"Agent 2",1,65994,65994,2097152,417,"aiter::fmha_bwd_hd128_dq_convert_bf16",128,0,0,16,0,128,"SQ_VALU_WMMA_FLOP_BF16",0.00000000e+00,84895205673186,84895205747457
24,24,"Agent 2",1,65994,65994,8388608,492,"void at::native::reduce_kernel<128, 4, at::native::ReduceOp<c10::BFloat16, at::native::func_wrapper_t<c10::BFloat16, at::native::sum_functor<c10::BFloat16, float, c10::BFloat16>::operator()(at::TensorIterator&)::{lambda(float, float)#1}>, unsigned int, c10::BFloat16, 4, 8> >(at::native::ReduceOp<c10::BFloat16, at::native::func_wrapper_t<c10::BFloat16, at::native::sum_functor<c10::BFloat16, float, c10::BFloat16>::operator()(at::TensorIterator&)::{lambda(float, float)#1}>, unsigned int, c10::BFloat16, 4, 8>)",128,512,0,32,0,128,"SQ_ITEMS",8388608.000000,84895206188357,84895206253174
24,24,"Agent 2",1,65994,65994,8388608,492,"void at::native::reduce_kernel<128, 4, at::native::ReduceOp<c10::BFloat16, at::native::func_wrapper_t<c10::BFloat16, at::native::sum_functor<c10::BFloat16, float, c10::BFloat16>::operator()(at::TensorIterator&)::{lambda(float, float)#1}>, unsigned int, c10::BFloat16, 4, 8> >(at::native::ReduceOp<c10::BFloat16, at::native::func_wrapper_t<c10::BFloat16, at::native::sum_functor<c10::BFloat16, float, c10::BFloat16>::operator()(at::TensorIterator&)::{lambda(float, float)#1}>, unsigned int, c10::BFloat16, 4, 8>)",128,512,0,32,0,128,"SQ_INST_CYCLES_VALU_WMMA",0.00000000e+00,84895206188357,84895206253174
24,24,"Agent 2",1,65994,65994,8388608,492,"void at::native::reduce_kernel<128, 4, at::native::ReduceOp<c10::BFloat16, at::native::func_wrapper_t<c10::BFloat16, at::native::sum_functor<c10::BFloat16, float, c10::BFloat16>::operator()(at::TensorIterator&)::{lambda(float, float)#1}>, unsigned int, c10::BFloat16, 4, 8> >(at::native::ReduceOp<c10::BFloat16, at::native::func_wrapper_t<c10::BFloat16, at::native::sum_functor<c10::BFloat16, float, c10::BFloat16>::operator()(at::TensorIterator&)::{lambda(float, float)#1}>, unsigned int, c10::BFloat16, 4, 8>)",128,512,0,32,0,128,"SQ_INSTS_VEC32_VALU_WMMA",0.00000000e+00,84895206188357,84895206253174
24,24,"Agent 2",1,65994,65994,8388608,492,"void at::native::reduce_kernel<128, 4, at::native::ReduceOp<c10::BFloat16, at::native::func_wrapper_t<c10::BFloat16, at::native::sum_functor<c10::BFloat16, float, c10::BFloat16>::operator()(at::TensorIterator&)::{lambda(float, float)#1}>, unsigned int, c10::BFloat16, 4, 8> >(at::native::ReduceOp<c10::BFloat16, at::native::func_wrapper_t<c10::BFloat16, at::native::sum_functor<c10::BFloat16, float, c10::BFloat16>::operator()(at::TensorIterator&)::{lambda(float, float)#1}>, unsigned int, c10::BFloat16, 4, 8>)",128,512,0,32,0,128,"SQ_VALU_WMMA_FLOP_BF16",0.00000000e+00,84895206188357,84895206253174
25,25,"Agent 2",1,65994,65994,8388608,492,"void at::native::reduce_kernel<128, 4, at::native::ReduceOp<c10::BFloat16, at::native::func_wrapper_t<c10::BFloat16, at::native::sum_functor<c10::BFloat16, float, c10::BFloat16>::operator()(at::TensorIterator&)::{lambda(float, float)#1}>, unsigned int, c10::BFloat16, 4, 8> >(at::native::ReduceOp<c10::BFloat16, at::native::func_wrapper_t<c10::BFloat16, at::native::sum_functor<c10::BFloat16, float, c10::BFloat16>::operator()(at::TensorIterator&)::{lambda(float, float)#1}>, unsigned int, c10::BFloat16, 4, 8>)",128,512,0,32,0,128,"SQ_ITEMS",8388608.000000,84895206693594,84895206750880
25,25,"Agent 2",1,65994,65994,8388608,492,"void at::native::reduce_kernel<128, 4, at::native::ReduceOp<c10::BFloat16, at::native::func_wrapper_t<c10::BFloat16, at::native::sum_functor<c10::BFloat16, float, c10::BFloat16>::operator()(at::TensorIterator&)::{lambda(float, float)#1}>, unsigned int, c10::BFloat16, 4, 8> >(at::native::ReduceOp<c10::BFloat16, at::native::func_wrapper_t<c10::BFloat16, at::native::sum_functor<c10::BFloat16, float, c10::BFloat16>::operator()(at::TensorIterator&)::{lambda(float, float)#1}>, unsigned int, c10::BFloat16, 4, 8>)",128,512,0,32,0,128,"SQ_INST_CYCLES_VALU_WMMA",0.00000000e+00,84895206693594,84895206750880
25,25,"Agent 2",1,65994,65994,8388608,492,"void at::native::reduce_kernel<128, 4, at::native::ReduceOp<c10::BFloat16, at::native::func_wrapper_t<c10::BFloat16, at::native::sum_functor<c10::BFloat16, float, c10::BFloat16>::operator()(at::TensorIterator&)::{lambda(float, float)#1}>, unsigned int, c10::BFloat16, 4, 8> >(at::native::ReduceOp<c10::BFloat16, at::native::func_wrapper_t<c10::BFloat16, at::native::sum_functor<c10::BFloat16, float, c10::BFloat16>::operator()(at::TensorIterator&)::{lambda(float, float)#1}>, unsigned int, c10::BFloat16, 4, 8>)",128,512,0,32,0,128,"SQ_INSTS_VEC32_VALU_WMMA",0.00000000e+00,84895206693594,84895206750880
25,25,"Agent 2",1,65994,65994,8388608,492,"void at::native::reduce_kernel<128, 4, at::native::ReduceOp<c10::BFloat16, at::native::func_wrapper_t<c10::BFloat16, at::native::sum_functor<c10::BFloat16, float, c10::BFloat16>::operator()(at::TensorIterator&)::{lambda(float, float)#1}>, unsigned int, c10::BFloat16, 4, 8> >(at::native::ReduceOp<c10::BFloat16, at::native::func_wrapper_t<c10::BFloat16, at::native::sum_functor<c10::BFloat16, float, c10::BFloat16>::operator()(at::TensorIterator&)::{lambda(float, float)#1}>, unsigned int, c10::BFloat16, 4, 8>)",128,512,0,32,0,128,"SQ_VALU_WMMA_FLOP_BF16",0.00000000e+00,84895206693594,84895206750880
26,26,"Agent 2",1,65994,65994,33554432,272,"void at::native::vectorized_elementwise_kernel<4, at::native::FillFunctor<float>, std::array<char*, 1ul> >(int, at::native::FillFunctor<float>, std::array<char*, 1ul>)",256,0,0,8,0,128,"SQ_ITEMS",33554432.000000,84895207181124,84895207235446
26,26,"Agent 2",1,65994,65994,33554432,272,"void at::native::vectorized_elementwise_kernel<4, at::native::FillFunctor<float>, std::array<char*, 1ul> >(int, at::native::FillFunctor<float>, std::array<char*, 1ul>)",256,0,0,8,0,128,"SQ_INST_CYCLES_VALU_WMMA",0.00000000e+00,84895207181124,84895207235446
26,26,"Agent 2",1,65994,65994,33554432,272,"void at::native::vectorized_elementwise_kernel<4, at::native::FillFunctor<float>, std::array<char*, 1ul> >(int, at::native::FillFunctor<float>, std::array<char*, 1ul>)",256,0,0,8,0,128,"SQ_INSTS_VEC32_VALU_WMMA",0.00000000e+00,84895207181124,84895207235446
26,26,"Agent 2",1,65994,65994,33554432,272,"void at::native::vectorized_elementwise_kernel<4, at::native::FillFunctor<float>, std::array<char*, 1ul> >(int, at::native::FillFunctor<float>, std::array<char*, 1ul>)",256,0,0,8,0,128,"SQ_VALU_WMMA_FLOP_BF16",0.00000000e+00,84895207181124,84895207235446
27,27,"Agent 2",1,65994,65994,1048576,415,"aiter::fmha_bwd_hd128_odo_bf16",128,0,0,24,0,128,"SQ_ITEMS",1048576.000000,84895207657798,84895207700622
27,27,"Agent 2",1,65994,65994,1048576,415,"aiter::fmha_bwd_hd128_odo_bf16",128,0,0,24,0,128,"SQ_INST_CYCLES_VALU_WMMA",0.00000000e+00,84895207657798,84895207700622
27,27,"Agent 2",1,65994,65994,1048576,415,"aiter::fmha_bwd_hd128_odo_bf16",128,0,0,24,0,128,"SQ_INSTS_VEC32_VALU_WMMA",0.00000000e+00,84895207657798,84895207700622
27,27,"Agent 2",1,65994,65994,1048576,415,"aiter::fmha_bwd_hd128_odo_bf16",128,0,0,24,0,128,"SQ_VALU_WMMA_FLOP_BF16",0.00000000e+00,84895207657798,84895207700622
28,28,"Agent 2",1,65994,65994,524288,416,"aiter::fmha_bwd_hd128_bf16_causal_br_a32_pssk",128,327680,0,512,0,128,"SQ_ITEMS",524288.000000,84895208124097,84895214122160
28,28,"Agent 2",1,65994,65994,524288,416,"aiter::fmha_bwd_hd128_bf16_causal_br_a32_pssk",128,327680,0,512,0,128,"SQ_INST_CYCLES_VALU_WMMA",0.00000000e+00,84895208124097,84895214122160
28,28,"Agent 2",1,65994,65994,524288,416,"aiter::fmha_bwd_hd128_bf16_causal_br_a32_pssk",128,327680,0,512,0,128,"SQ_INSTS_VEC32_VALU_WMMA",0.00000000e+00,84895208124097,84895214122160
28,28,"Agent 2",1,65994,65994,524288,416,"aiter::fmha_bwd_hd128_bf16_causal_br_a32_pssk",128,327680,0,512,0,128,"SQ_VALU_WMMA_FLOP_BF16",0.00000000e+00,84895208124097,84895214122160
29,29,"Agent 2",1,65994,65994,2097152,417,"aiter::fmha_bwd_hd128_dq_convert_bf16",128,0,0,16,0,128,"SQ_ITEMS",2097152.000000,84895214557893,84895214630762
29,29,"Agent 2",1,65994,65994,2097152,417,"aiter::fmha_bwd_hd128_dq_convert_bf16",128,0,0,16,0,128,"SQ_INST_CYCLES_VALU_WMMA",0.00000000e+00,84895214557893,84895214630762
29,29,"Agent 2",1,65994,65994,2097152,417,"aiter::fmha_bwd_hd128_dq_convert_bf16",128,0,0,16,0,128,"SQ_INSTS_VEC32_VALU_WMMA",0.00000000e+00,84895214557893,84895214630762
29,29,"Agent 2",1,65994,65994,2097152,417,"aiter::fmha_bwd_hd128_dq_convert_bf16",128,0,0,16,0,128,"SQ_VALU_WMMA_FLOP_BF16",0.00000000e+00,84895214557893,84895214630762
30,30,"Agent 2",1,65994,65994,8388608,492,"void at::native::reduce_kernel<128, 4, at::native::ReduceOp<c10::BFloat16, at::native::func_wrapper_t<c10::BFloat16, at::native::sum_functor<c10::BFloat16, float, c10::BFloat16>::operator()(at::TensorIterator&)::{lambda(float, float)#1}>, unsigned int, c10::BFloat16, 4, 8> >(at::native::ReduceOp<c10::BFloat16, at::native::func_wrapper_t<c10::BFloat16, at::native::sum_functor<c10::BFloat16, float, c10::BFloat16>::operator()(at::TensorIterator&)::{lambda(float, float)#1}>, unsigned int, c10::BFloat16, 4, 8>)",128,512,0,32,0,128,"SQ_ITEMS",8388608.000000,84895215064652,84895215127346
30,30,"Agent 2",1,65994,65994,8388608,492,"void at::native::reduce_kernel<128, 4, at::native::ReduceOp<c10::BFloat16, at::native::func_wrapper_t<c10::BFloat16, at::native::sum_functor<c10::BFloat16, float, c10::BFloat16>::operator()(at::TensorIterator&)::{lambda(float, float)#1}>, unsigned int, c10::BFloat16, 4, 8> >(at::native::ReduceOp<c10::BFloat16, at::native::func_wrapper_t<c10::BFloat16, at::native::sum_functor<c10::BFloat16, float, c10::BFloat16>::operator()(at::TensorIterator&)::{lambda(float, float)#1}>, unsigned int, c10::BFloat16, 4, 8>)",128,512,0,32,0,128,"SQ_INST_CYCLES_VALU_WMMA",0.00000000e+00,84895215064652,84895215127346
30,30,"Agent 2",1,65994,65994,8388608,492,"void at::native::reduce_kernel<128, 4, at::native::ReduceOp<c10::BFloat16, at::native::func_wrapper_t<c10::BFloat16, at::native::sum_functor<c10::BFloat16, float, c10::BFloat16>::operator()(at::TensorIterator&)::{lambda(float, float)#1}>, unsigned int, c10::BFloat16, 4, 8> >(at::native::ReduceOp<c10::BFloat16, at::native::func_wrapper_t<c10::BFloat16, at::native::sum_functor<c10::BFloat16, float, c10::BFloat16>::operator()(at::TensorIterator&)::{lambda(float, float)#1}>, unsigned int, c10::BFloat16, 4, 8>)",128,512,0,32,0,128,"SQ_INSTS_VEC32_VALU_WMMA",0.00000000e+00,84895215064652,84895215127346
30,30,"Agent 2",1,65994,65994,8388608,492,"void at::native::reduce_kernel<128, 4, at::native::ReduceOp<c10::BFloat16, at::native::func_wrapper_t<c10::BFloat16, at::native::sum_functor<c10::BFloat16, float, c10::BFloat16>::operator()(at::TensorIterator&)::{lambda(float, float)#1}>, unsigned int, c10::BFloat16, 4, 8> >(at::native::ReduceOp<c10::BFloat16, at::native::func_wrapper_t<c10::BFloat16, at::native::sum_functor<c10::BFloat16, float, c10::BFloat16>::operator()(at::TensorIterator&)::{lambda(float, float)#1}>, unsigned int, c10::BFloat16, 4, 8>)",128,512,0,32,0,128,"SQ_VALU_WMMA_FLOP_BF16",0.00000000e+00,84895215064652,84895215127346
31,31,"Agent 2",1,65994,65994,8388608,492,"void at::native::reduce_kernel<128, 4, at::native::ReduceOp<c10::BFloat16, at::native::func_wrapper_t<c10::BFloat16, at::native::sum_functor<c10::BFloat16, float, c10::BFloat16>::operator()(at::TensorIterator&)::{lambda(float, float)#1}>, unsigned int, c10::BFloat16, 4, 8> >(at::native::ReduceOp<c10::BFloat16, at::native::func_wrapper_t<c10::BFloat16, at::native::sum_functor<c10::BFloat16, float, c10::BFloat16>::operator()(at::TensorIterator&)::{lambda(float, float)#1}>, unsigned int, c10::BFloat16, 4, 8>)",128,512,0,32,0,128,"SQ_ITEMS",8388608.000000,84895215571251,84895215636188
31,31,"Agent 2",1,65994,65994,8388608,492,"void at::native::reduce_kernel<128, 4, at::native::ReduceOp<c10::BFloat16, at::native::func_wrapper_t<c10::BFloat16, at::native::sum_functor<c10::BFloat16, float, c10::BFloat16>::operator()(at::TensorIterator&)::{lambda(float, float)#1}>, unsigned int, c10::BFloat16, 4, 8> >(at::native::ReduceOp<c10::BFloat16, at::native::func_wrapper_t<c10::BFloat16, at::native::sum_functor<c10::BFloat16, float, c10::BFloat16>::operator()(at::TensorIterator&)::{lambda(float, float)#1}>, unsigned int, c10::BFloat16, 4, 8>)",128,512,0,32,0,128,"SQ_INST_CYCLES_VALU_WMMA",0.00000000e+00,84895215571251,84895215636188
31,31,"Agent 2",1,65994,65994,8388608,492,"void at::native::reduce_kernel<128, 4, at::native::ReduceOp<c10::BFloat16, at::native::func_wrapper_t<c10::BFloat16, at::native::sum_functor<c10::BFloat16, float, c10::BFloat16>::operator()(at::TensorIterator&)::{lambda(float, float)#1}>, unsigned int, c10::BFloat16, 4, 8> >(at::native::ReduceOp<c10::BFloat16, at::native::func_wrapper_t<c10::BFloat16, at::native::sum_functor<c10::BFloat16, float, c10::BFloat16>::operator()(at::TensorIterator&)::{lambda(float, float)#1}>, unsigned int, c10::BFloat16, 4, 8>)",128,512,0,32,0,128,"SQ_INSTS_VEC32_VALU_WMMA",0.00000000e+00,84895215571251,84895215636188
31,31,"Agent 2",1,65994,65994,8388608,492,"void at::native::reduce_kernel<128, 4, at::native::ReduceOp<c10::BFloat16, at::native::func_wrapper_t<c10::BFloat16, at::native::sum_functor<c10::BFloat16, float, c10::BFloat16>::operator()(at::TensorIterator&)::{lambda(float, float)#1}>, unsigned int, c10::BFloat16, 4, 8> >(at::native::ReduceOp<c10::BFloat16, at::native::func_wrapper_t<c10::BFloat16, at::native::sum_functor<c10::BFloat16, float, c10::BFloat16>::operator()(at::TensorIterator&)::{lambda(float, float)#1}>, unsigned int, c10::BFloat16, 4, 8>)",128,512,0,32,0,128,"SQ_VALU_WMMA_FLOP_BF16",0.00000000e+00,84895215571251,84895215636188
32,32,"Agent 2",1,65994,65994,33554432,272,"void at::native::vectorized_elementwise_kernel<4, at::native::FillFunctor<float>, std::array<char*, 1ul> >(int, at::native::FillFunctor<float>, std::array<char*, 1ul>)",256,0,0,8,0,128,"SQ_ITEMS",33554432.000000,84895216067394,84895216125841
32,32,"Agent 2",1,65994,65994,33554432,272,"void at::native::vectorized_elementwise_kernel<4, at::native::FillFunctor<float>, std::array<char*, 1ul> >(int, at::native::FillFunctor<float>, std::array<char*, 1ul>)",256,0,0,8,0,128,"SQ_INST_CYCLES_VALU_WMMA",0.00000000e+00,84895216067394,84895216125841
32,32,"Agent 2",1,65994,65994,33554432,272,"void at::native::vectorized_elementwise_kernel<4, at::native::FillFunctor<float>, std::array<char*, 1ul> >(int, at::native::FillFunctor<float>, std::array<char*, 1ul>)",256,0,0,8,0,128,"SQ_INSTS_VEC32_VALU_WMMA",0.00000000e+00,84895216067394,84895216125841
32,32,"Agent 2",1,65994,65994,33554432,272,"void at::native::vectorized_elementwise_kernel<4, at::native::FillFunctor<float>, std::array<char*, 1ul> >(int, at::native::FillFunctor<float>, std::array<char*, 1ul>)",256,0,0,8,0,128,"SQ_VALU_WMMA_FLOP_BF16",0.00000000e+00,84895216067394,84895216125841
33,33,"Agent 2",1,65994,65994,1048576,415,"aiter::fmha_bwd_hd128_odo_bf16",128,0,0,24,0,128,"SQ_ITEMS",1048576.000000,84895216553802,84895216596626
33,33,"Agent 2",1,65994,65994,1048576,415,"aiter::fmha_bwd_hd128_odo_bf16",128,0,0,24,0,128,"SQ_INST_CYCLES_VALU_WMMA",0.00000000e+00,84895216553802,84895216596626
33,33,"Agent 2",1,65994,65994,1048576,415,"aiter::fmha_bwd_hd128_odo_bf16",128,0,0,24,0,128,"SQ_INSTS_VEC32_VALU_WMMA",0.00000000e+00,84895216553802,84895216596626
33,33,"Agent 2",1,65994,65994,1048576,415,"aiter::fmha_bwd_hd128_odo_bf16",128,0,0,24,0,128,"SQ_VALU_WMMA_FLOP_BF16",0.00000000e+00,84895216553802,84895216596626
34,34,"Agent 2",1,65994,65994,524288,416,"aiter::fmha_bwd_hd128_bf16_causal_br_a32_pssk",128,327680,0,512,0,128,"SQ_ITEMS",524288.000000,84895217020341,84895223034749
34,34,"Agent 2",1,65994,65994,524288,416,"aiter::fmha_bwd_hd128_bf16_causal_br_a32_pssk",128,327680,0,512,0,128,"SQ_INST_CYCLES_VALU_WMMA",0.00000000e+00,84895217020341,84895223034749
34,34,"Agent 2",1,65994,65994,524288,416,"aiter::fmha_bwd_hd128_bf16_causal_br_a32_pssk",128,327680,0,512,0,128,"SQ_INSTS_VEC32_VALU_WMMA",0.00000000e+00,84895217020341,84895223034749
34,34,"Agent 2",1,65994,65994,524288,416,"aiter::fmha_bwd_hd128_bf16_causal_br_a32_pssk",128,327680,0,512,0,128,"SQ_VALU_WMMA_FLOP_BF16",0.00000000e+00,84895217020341,84895223034749
35,35,"Agent 2",1,65994,65994,2097152,417,"aiter::fmha_bwd_hd128_dq_convert_bf16",128,0,0,16,0,128,"SQ_ITEMS",2097152.000000,84895223468839,84895223538063
35,35,"Agent 2",1,65994,65994,2097152,417,"aiter::fmha_bwd_hd128_dq_convert_bf16",128,0,0,16,0,128,"SQ_INST_CYCLES_VALU_WMMA",0.00000000e+00,84895223468839,84895223538063
35,35,"Agent 2",1,65994,65994,2097152,417,"aiter::fmha_bwd_hd128_dq_convert_bf16",128,0,0,16,0,128,"SQ_INSTS_VEC32_VALU_WMMA",0.00000000e+00,84895223468839,84895223538063
35,35,"Agent 2",1,65994,65994,2097152,417,"aiter::fmha_bwd_hd128_dq_convert_bf16",128,0,0,16,0,128,"SQ_VALU_WMMA_FLOP_BF16",0.00000000e+00,84895223468839,84895223538063
36,36,"Agent 2",1,65994,65994,8388608,492,"void at::native::reduce_kernel<128, 4, at::native::ReduceOp<c10::BFloat16, at::native::func_wrapper_t<c10::BFloat16, at::native::sum_functor<c10::BFloat16, float, c10::BFloat16>::operator()(at::TensorIterator&)::{lambda(float, float)#1}>, unsigned int, c10::BFloat16, 4, 8> >(at::native::ReduceOp<c10::BFloat16, at::native::func_wrapper_t<c10::BFloat16, at::native::sum_functor<c10::BFloat16, float, c10::BFloat16>::operator()(at::TensorIterator&)::{lambda(float, float)#1}>, unsigned int, c10::BFloat16, 4, 8>)",128,512,0,32,0,128,"SQ_ITEMS",8388608.000000,84895223972794,84895224034767
36,36,"Agent 2",1,65994,65994,8388608,492,"void at::native::reduce_kernel<128, 4, at::native::ReduceOp<c10::BFloat16, at::native::func_wrapper_t<c10::BFloat16, at::native::sum_functor<c10::BFloat16, float, c10::BFloat16>::operator()(at::TensorIterator&)::{lambda(float, float)#1}>, unsigned int, c10::BFloat16, 4, 8> >(at::native::ReduceOp<c10::BFloat16, at::native::func_wrapper_t<c10::BFloat16, at::native::sum_functor<c10::BFloat16, float, c10::BFloat16>::operator()(at::TensorIterator&)::{lambda(float, float)#1}>, unsigned int, c10::BFloat16, 4, 8>)",128,512,0,32,0,128,"SQ_INST_CYCLES_VALU_WMMA",0.00000000e+00,84895223972794,84895224034767
36,36,"Agent 2",1,65994,65994,8388608,492,"void at::native::reduce_kernel<128, 4, at::native::ReduceOp<c10::BFloat16, at::native::func_wrapper_t<c10::BFloat16, at::native::sum_functor<c10::BFloat16, float, c10::BFloat16>::operator()(at::TensorIterator&)::{lambda(float, float)#1}>, unsigned int, c10::BFloat16, 4, 8> >(at::native::ReduceOp<c10::BFloat16, at::native::func_wrapper_t<c10::BFloat16, at::native::sum_functor<c10::BFloat16, float, c10::BFloat16>::operator()(at::TensorIterator&)::{lambda(float, float)#1}>, unsigned int, c10::BFloat16, 4, 8>)",128,512,0,32,0,128,"SQ_INSTS_VEC32_VALU_WMMA",0.00000000e+00,84895223972794,84895224034767
36,36,"Agent 2",1,65994,65994,8388608,492,"void at::native::reduce_kernel<128, 4, at::native::ReduceOp<c10::BFloat16, at::native::func_wrapper_t<c10::BFloat16, at::native::sum_functor<c10::BFloat16, float, c10::BFloat16>::operator()(at::TensorIterator&)::{lambda(float, float)#1}>, unsigned int, c10::BFloat16, 4, 8> >(at::native::ReduceOp<c10::BFloat16, at::native::func_wrapper_t<c10::BFloat16, at::native::sum_functor<c10::BFloat16, float, c10::BFloat16>::operator()(at::TensorIterator&)::{lambda(float, float)#1}>, unsigned int, c10::BFloat16, 4, 8>)",128,512,0,32,0,128,"SQ_VALU_WMMA_FLOP_BF16",0.00000000e+00,84895223972794,84895224034767
37,37,"Agent 2",1,65994,65994,8388608,492,"void at::native::reduce_kernel<128, 4, at::native::ReduceOp<c10::BFloat16, at::native::func_wrapper_t<c10::BFloat16, at::native::sum_functor<c10::BFloat16, float, c10::BFloat16>::operator()(at::TensorIterator&)::{lambda(float, float)#1}>, unsigned int, c10::BFloat16, 4, 8> >(at::native::ReduceOp<c10::BFloat16, at::native::func_wrapper_t<c10::BFloat16, at::native::sum_functor<c10::BFloat16, float, c10::BFloat16>::operator()(at::TensorIterator&)::{lambda(float, float)#1}>, unsigned int, c10::BFloat16, 4, 8>)",128,512,0,32,0,128,"SQ_ITEMS",8388608.000000,84895224470662,84895224532955
37,37,"Agent 2",1,65994,65994,8388608,492,"void at::native::reduce_kernel<128, 4, at::native::ReduceOp<c10::BFloat16, at::native::func_wrapper_t<c10::BFloat16, at::native::sum_functor<c10::BFloat16, float, c10::BFloat16>::operator()(at::TensorIterator&)::{lambda(float, float)#1}>, unsigned int, c10::BFloat16, 4, 8> >(at::native::ReduceOp<c10::BFloat16, at::native::func_wrapper_t<c10::BFloat16, at::native::sum_functor<c10::BFloat16, float, c10::BFloat16>::operator()(at::TensorIterator&)::{lambda(float, float)#1}>, unsigned int, c10::BFloat16, 4, 8>)",128,512,0,32,0,128,"SQ_INST_CYCLES_VALU_WMMA",0.00000000e+00,84895224470662,84895224532955
37,37,"Agent 2",1,65994,65994,8388608,492,"void at::native::reduce_kernel<128, 4, at::native::ReduceOp<c10::BFloat16, at::native::func_wrapper_t<c10::BFloat16, at::native::sum_functor<c10::BFloat16, float, c10::BFloat16>::operator()(at::TensorIterator&)::{lambda(float, float)#1}>, unsigned int, c10::BFloat16, 4, 8> >(at::native::ReduceOp<c10::BFloat16, at::native::func_wrapper_t<c10::BFloat16, at::native::sum_functor<c10::BFloat16, float, c10::BFloat16>::operator()(at::TensorIterator&)::{lambda(float, float)#1}>, unsigned int, c10::BFloat16, 4, 8>)",128,512,0,32,0,128,"SQ_INSTS_VEC32_VALU_WMMA",0.00000000e+00,84895224470662,84895224532955
37,37,"Agent 2",1,65994,65994,8388608,492,"void at::native::reduce_kernel<128, 4, at::native::ReduceOp<c10::BFloat16, at::native::func_wrapper_t<c10::BFloat16, at::native::sum_functor<c10::BFloat16, float, c10::BFloat16>::operator()(at::TensorIterator&)::{lambda(float, float)#1}>, unsigned int, c10::BFloat16, 4, 8> >(at::native::ReduceOp<c10::BFloat16, at::native::func_wrapper_t<c10::BFloat16, at::native::sum_functor<c10::BFloat16, float, c10::BFloat16>::operator()(at::TensorIterator&)::{lambda(float, float)#1}>, unsigned int, c10::BFloat16, 4, 8>)",128,512,0,32,0,128,"SQ_VALU_WMMA_FLOP_BF16",0.00000000e+00,84895224470662,84895224532955
38,38,"Agent 2",1,65994,65994,1048576,511,"kn_fmha_fwd_prefill_a16w16_m32x8_bshd_0",256,327680,0,224,0,128,"SQ_ITEMS",1048576.000000,84899529458839,84899530693568
38,38,"Agent 2",1,65994,65994,1048576,511,"kn_fmha_fwd_prefill_a16w16_m32x8_bshd_0",256,327680,0,224,0,128,"SQ_INST_CYCLES_VALU_WMMA",0.00000000e+00,84899529458839,84899530693568
38,38,"Agent 2",1,65994,65994,1048576,511,"kn_fmha_fwd_prefill_a16w16_m32x8_bshd_0",256,327680,0,224,0,128,"SQ_INSTS_VEC32_VALU_WMMA",0.00000000e+00,84899529458839,84899530693568
38,38,"Agent 2",1,65994,65994,1048576,511,"kn_fmha_fwd_prefill_a16w16_m32x8_bshd_0",256,327680,0,224,0,128,"SQ_VALU_WMMA_FLOP_BF16",0.00000000e+00,84899529458839,84899530693568
39,39,"Agent 2",1,65994,65994,1048576,511,"kn_fmha_fwd_prefill_a16w16_m32x8_bshd_0",256,327680,0,224,0,128,"SQ_ITEMS",1048576.000000,84899532332502,84899533563345
39,39,"Agent 2",1,65994,65994,1048576,511,"kn_fmha_fwd_prefill_a16w16_m32x8_bshd_0",256,327680,0,224,0,128,"SQ_INST_CYCLES_VALU_WMMA",0.00000000e+00,84899532332502,84899533563345
39,39,"Agent 2",1,65994,65994,1048576,511,"kn_fmha_fwd_prefill_a16w16_m32x8_bshd_0",256,327680,0,224,0,128,"SQ_INSTS_VEC32_VALU_WMMA",0.00000000e+00,84899532332502,84899533563345
39,39,"Agent 2",1,65994,65994,1048576,511,"kn_fmha_fwd_prefill_a16w16_m32x8_bshd_0",256,327680,0,224,0,128,"SQ_VALU_WMMA_FLOP_BF16",0.00000000e+00,84899532332502,84899533563345
40,40,"Agent 2",1,65994,65994,1048576,511,"kn_fmha_fwd_prefill_a16w16_m32x8_bshd_0",256,327680,0,224,0,128,"SQ_ITEMS",1048576.000000,84899533978087,84899535315770
40,40,"Agent 2",1,65994,65994,1048576,511,"kn_fmha_fwd_prefill_a16w16_m32x8_bshd_0",256,327680,0,224,0,128,"SQ_INST_CYCLES_VALU_WMMA",0.00000000e+00,84899533978087,84899535315770
40,40,"Agent 2",1,65994,65994,1048576,511,"kn_fmha_fwd_prefill_a16w16_m32x8_bshd_0",256,327680,0,224,0,128,"SQ_INSTS_VEC32_VALU_WMMA",0.00000000e+00,84899533978087,84899535315770
40,40,"Agent 2",1,65994,65994,1048576,511,"kn_fmha_fwd_prefill_a16w16_m32x8_bshd_0",256,327680,0,224,0,128,"SQ_VALU_WMMA_FLOP_BF16",0.00000000e+00,84899533978087,84899535315770
41,41,"Agent 2",1,65994,65994,1048576,511,"kn_fmha_fwd_prefill_a16w16_m32x8_bshd_0",256,327680,0,224,0,128,"SQ_ITEMS",1048576.000000,84899535735879,84899537093993
41,41,"Agent 2",1,65994,65994,1048576,511,"kn_fmha_fwd_prefill_a16w16_m32x8_bshd_0",256,327680,0,224,0,128,"SQ_INST_CYCLES_VALU_WMMA",0.00000000e+00,84899535735879,84899537093993
41,41,"Agent 2",1,65994,65994,1048576,511,"kn_fmha_fwd_prefill_a16w16_m32x8_bshd_0",256,327680,0,224,0,128,"SQ_INSTS_VEC32_VALU_WMMA",0.00000000e+00,84899535735879,84899537093993
41,41,"Agent 2",1,65994,65994,1048576,511,"kn_fmha_fwd_prefill_a16w16_m32x8_bshd_0",256,327680,0,224,0,128,"SQ_VALU_WMMA_FLOP_BF16",0.00000000e+00,84899535735879,84899537093993
42,42,"Agent 2",1,65994,65994,1048576,511,"kn_fmha_fwd_prefill_a16w16_m32x8_bshd_0",256,327680,0,224,0,128,"SQ_ITEMS",1048576.000000,84899537517708,84899538909553
42,42,"Agent 2",1,65994,65994,1048576,511,"kn_fmha_fwd_prefill_a16w16_m32x8_bshd_0",256,327680,0,224,0,128,"SQ_INST_CYCLES_VALU_WMMA",0.00000000e+00,84899537517708,84899538909553
42,42,"Agent 2",1,65994,65994,1048576,511,"kn_fmha_fwd_prefill_a16w16_m32x8_bshd_0",256,327680,0,224,0,128,"SQ_INSTS_VEC32_VALU_WMMA",0.00000000e+00,84899537517708,84899538909553
42,42,"Agent 2",1,65994,65994,1048576,511,"kn_fmha_fwd_prefill_a16w16_m32x8_bshd_0",256,327680,0,224,0,128,"SQ_VALU_WMMA_FLOP_BF16",0.00000000e+00,84899537517708,84899538909553
43,43,"Agent 2",1,65994,65994,8388608,512,"k_delta_bshd_0",256,0,0,24,0,128,"SQ_ITEMS",8388608.000000,84900566352545,84900566392725
43,43,"Agent 2",1,65994,65994,8388608,512,"k_delta_bshd_0",256,0,0,24,0,128,"SQ_INST_CYCLES_VALU_WMMA",0.00000000e+00,84900566352545,84900566392725
43,43,"Agent 2",1,65994,65994,8388608,512,"k_delta_bshd_0",256,0,0,24,0,128,"SQ_INSTS_VEC32_VALU_WMMA",0.00000000e+00,84900566352545,84900566392725
43,43,"Agent 2",1,65994,65994,8388608,512,"k_delta_bshd_0",256,0,0,24,0,128,"SQ_VALU_WMMA_FLOP_BF16",0.00000000e+00,84900566352545,84900566392725
44,44,"Agent 2",1,65994,65994,262144,513,"k_dkdv_0",32,70656,0,456,0,128,"SQ_ITEMS",262144.000000,84903822229904,84903827231795
44,44,"Agent 2",1,65994,65994,262144,513,"k_dkdv_0",32,70656,0,456,0,128,"SQ_INST_CYCLES_VALU_WMMA",0.00000000e+00,84903822229904,84903827231795
44,44,"Agent 2",1,65994,65994,262144,513,"k_dkdv_0",32,70656,0,456,0,128,"SQ_INSTS_VEC32_VALU_WMMA",0.00000000e+00,84903822229904,84903827231795
44,44,"Agent 2",1,65994,65994,262144,513,"k_dkdv_0",32,70656,0,456,0,128,"SQ_VALU_WMMA_FLOP_BF16",0.00000000e+00,84903822229904,84903827231795
45,45,"Agent 2",1,65994,65994,524288,514,"k_dq_0",32,8704,0,480,0,128,"SQ_ITEMS",524288.000000,84907401589730,84907404551046
45,45,"Agent 2",1,65994,65994,524288,514,"k_dq_0",32,8704,0,480,0,128,"SQ_INST_CYCLES_VALU_WMMA",0.00000000e+00,84907401589730,84907404551046
45,45,"Agent 2",1,65994,65994,524288,514,"k_dq_0",32,8704,0,480,0,128,"SQ_INSTS_VEC32_VALU_WMMA",0.00000000e+00,84907401589730,84907404551046
45,45,"Agent 2",1,65994,65994,524288,514,"k_dq_0",32,8704,0,480,0,128,"SQ_VALU_WMMA_FLOP_BF16",0.00000000e+00,84907401589730,84907404551046
46,46,"Agent 2",1,65994,65994,8388608,512,"k_delta_bshd_0",256,0,0,24,0,128,"SQ_ITEMS",8388608.000000,84907404965065,84907405014178
46,46,"Agent 2",1,65994,65994,8388608,512,"k_delta_bshd_0",256,0,0,24,0,128,"SQ_INST_CYCLES_VALU_WMMA",0.00000000e+00,84907404965065,84907405014178
46,46,"Agent 2",1,65994,65994,8388608,512,"k_delta_bshd_0",256,0,0,24,0,128,"SQ_INSTS_VEC32_VALU_WMMA",0.00000000e+00,84907404965065,84907405014178
46,46,"Agent 2",1,65994,65994,8388608,512,"k_delta_bshd_0",256,0,0,24,0,128,"SQ_VALU_WMMA_FLOP_BF16",0.00000000e+00,84907404965065,84907405014178
47,47,"Agent 2",1,65994,65994,262144,513,"k_dkdv_0",32,70656,0,456,0,128,"SQ_ITEMS",262144.000000,84907405430041,84907410512173
47,47,"Agent 2",1,65994,65994,262144,513,"k_dkdv_0",32,70656,0,456,0,128,"SQ_INST_CYCLES_VALU_WMMA",0.00000000e+00,84907405430041,84907410512173
47,47,"Agent 2",1,65994,65994,262144,513,"k_dkdv_0",32,70656,0,456,0,128,"SQ_INSTS_VEC32_VALU_WMMA",0.00000000e+00,84907405430041,84907410512173
47,47,"Agent 2",1,65994,65994,262144,513,"k_dkdv_0",32,70656,0,456,0,128,"SQ_VALU_WMMA_FLOP_BF16",0.00000000e+00,84907405430041,84907410512173
48,48,"Agent 2",1,65994,65994,524288,514,"k_dq_0",32,8704,0,480,0,128,"SQ_ITEMS",524288.000000,84907410936769,84907414098705
48,48,"Agent 2",1,65994,65994,524288,514,"k_dq_0",32,8704,0,480,0,128,"SQ_INST_CYCLES_VALU_WMMA",0.00000000e+00,84907410936769,84907414098705
48,48,"Agent 2",1,65994,65994,524288,514,"k_dq_0",32,8704,0,480,0,128,"SQ_INSTS_VEC32_VALU_WMMA",0.00000000e+00,84907410936769,84907414098705
48,48,"Agent 2",1,65994,65994,524288,514,"k_dq_0",32,8704,0,480,0,128,"SQ_VALU_WMMA_FLOP_BF16",0.00000000e+00,84907410936769,84907414098705
49,49,"Agent 2",1,65994,65994,8388608,512,"k_delta_bshd_0",256,0,0,24,0,128,"SQ_ITEMS",8388608.000000,84907414512765,84907414561318
49,49,"Agent 2",1,65994,65994,8388608,512,"k_delta_bshd_0",256,0,0,24,0,128,"SQ_INST_CYCLES_VALU_WMMA",0.00000000e+00,84907414512765,84907414561318
49,49,"Agent 2",1,65994,65994,8388608,512,"k_delta_bshd_0",256,0,0,24,0,128,"SQ_INSTS_VEC32_VALU_WMMA",0.00000000e+00,84907414512765,84907414561318
49,49,"Agent 2",1,65994,65994,8388608,512,"k_delta_bshd_0",256,0,0,24,0,128,"SQ_VALU_WMMA_FLOP_BF16",0.00000000e+00,84907414512765,84907414561318
50,50,"Agent 2",1,65994,65994,262144,513,"k_dkdv_0",32,70656,0,456,0,128,"SQ_ITEMS",262144.000000,84907414973335,84907419923590
50,50,"Agent 2",1,65994,65994,262144,513,"k_dkdv_0",32,70656,0,456,0,128,"SQ_INST_CYCLES_VALU_WMMA",0.00000000e+00,84907414973335,84907419923590
50,50,"Agent 2",1,65994,65994,262144,513,"k_dkdv_0",32,70656,0,456,0,128,"SQ_INSTS_VEC32_VALU_WMMA",0.00000000e+00,84907414973335,84907419923590
50,50,"Agent 2",1,65994,65994,262144,513,"k_dkdv_0",32,70656,0,456,0,128,"SQ_VALU_WMMA_FLOP_BF16",0.00000000e+00,84907414973335,84907419923590
51,51,"Agent 2",1,65994,65994,524288,514,"k_dq_0",32,8704,0,480,0,128,"SQ_ITEMS",524288.000000,84907420349788,84907423485885
51,51,"Agent 2",1,65994,65994,524288,514,"k_dq_0",32,8704,0,480,0,128,"SQ_INST_CYCLES_VALU_WMMA",0.00000000e+00,84907420349788,84907423485885
51,51,"Agent 2",1,65994,65994,524288,514,"k_dq_0",32,8704,0,480,0,128,"SQ_INSTS_VEC32_VALU_WMMA",0.00000000e+00,84907420349788,84907423485885
51,51,"Agent 2",1,65994,65994,524288,514,"k_dq_0",32,8704,0,480,0,128,"SQ_VALU_WMMA_FLOP_BF16",0.00000000e+00,84907420349788,84907423485885
52,52,"Agent 2",1,65994,65994,8388608,512,"k_delta_bshd_0",256,0,0,24,0,128,"SQ_ITEMS",8388608.000000,84907423894537,84907423941167
52,52,"Agent 2",1,65994,65994,8388608,512,"k_delta_bshd_0",256,0,0,24,0,128,"SQ_INST_CYCLES_VALU_WMMA",0.00000000e+00,84907423894537,84907423941167
52,52,"Agent 2",1,65994,65994,8388608,512,"k_delta_bshd_0",256,0,0,24,0,128,"SQ_INSTS_VEC32_VALU_WMMA",0.00000000e+00,84907423894537,84907423941167
52,52,"Agent 2",1,65994,65994,8388608,512,"k_delta_bshd_0",256,0,0,24,0,128,"SQ_VALU_WMMA_FLOP_BF16",0.00000000e+00,84907423894537,84907423941167
53,53,"Agent 2",1,65994,65994,262144,513,"k_dkdv_0",32,70656,0,456,0,128,"SQ_ITEMS",262144.000000,84907424355267,84907429372823
53,53,"Agent 2",1,65994,65994,262144,513,"k_dkdv_0",32,70656,0,456,0,128,"SQ_INST_CYCLES_VALU_WMMA",0.00000000e+00,84907424355267,84907429372823
53,53,"Agent 2",1,65994,65994,262144,513,"k_dkdv_0",32,70656,0,456,0,128,"SQ_INSTS_VEC32_VALU_WMMA",0.00000000e+00,84907424355267,84907429372823
53,53,"Agent 2",1,65994,65994,262144,513,"k_dkdv_0",32,70656,0,456,0,128,"SQ_VALU_WMMA_FLOP_BF16",0.00000000e+00,84907424355267,84907429372823
54,54,"Agent 2",1,65994,65994,524288,514,"k_dq_0",32,8704,0,480,0,128,"SQ_ITEMS",524288.000000,84907429786682,84907432941728
54,54,"Agent 2",1,65994,65994,524288,514,"k_dq_0",32,8704,0,480,0,128,"SQ_INST_CYCLES_VALU_WMMA",0.00000000e+00,84907429786682,84907432941728
54,54,"Agent 2",1,65994,65994,524288,514,"k_dq_0",32,8704,0,480,0,128,"SQ_INSTS_VEC32_VALU_WMMA",0.00000000e+00,84907429786682,84907432941728
54,54,"Agent 2",1,65994,65994,524288,514,"k_dq_0",32,8704,0,480,0,128,"SQ_VALU_WMMA_FLOP_BF16",0.00000000e+00,84907429786682,84907432941728
55,55,"Agent 2",1,65994,65994,8388608,512,"k_delta_bshd_0",256,0,0,24,0,128,"SQ_ITEMS",8388608.000000,84907433350540,84907433404822
55,55,"Agent 2",1,65994,65994,8388608,512,"k_delta_bshd_0",256,0,0,24,0,128,"SQ_INST_CYCLES_VALU_WMMA",0.00000000e+00,84907433350540,84907433404822
55,55,"Agent 2",1,65994,65994,8388608,512,"k_delta_bshd_0",256,0,0,24,0,128,"SQ_INSTS_VEC32_VALU_WMMA",0.00000000e+00,84907433350540,84907433404822
55,55,"Agent 2",1,65994,65994,8388608,512,"k_delta_bshd_0",256,0,0,24,0,128,"SQ_VALU_WMMA_FLOP_BF16",0.00000000e+00,84907433350540,84907433404822
56,56,"Agent 2",1,65994,65994,262144,513,"k_dkdv_0",32,70656,0,456,0,128,"SQ_ITEMS",262144.000000,84907433819122,84907438752311
56,56,"Agent 2",1,65994,65994,262144,513,"k_dkdv_0",32,70656,0,456,0,128,"SQ_INST_CYCLES_VALU_WMMA",0.00000000e+00,84907433819122,84907438752311
56,56,"Agent 2",1,65994,65994,262144,513,"k_dkdv_0",32,70656,0,456,0,128,"SQ_INSTS_VEC32_VALU_WMMA",0.00000000e+00,84907433819122,84907438752311
56,56,"Agent 2",1,65994,65994,262144,513,"k_dkdv_0",32,70656,0,456,0,128,"SQ_VALU_WMMA_FLOP_BF16",0.00000000e+00,84907433819122,84907438752311
57,57,"Agent 2",1,65994,65994,524288,514,"k_dq_0",32,8704,0,480,0,128,"SQ_ITEMS",524288.000000,84907439177308,84907442305273
57,57,"Agent 2",1,65994,65994,524288,514,"k_dq_0",32,8704,0,480,0,128,"SQ_INST_CYCLES_VALU_WMMA",0.00000000e+00,84907439177308,84907442305273
57,57,"Agent 2",1,65994,65994,524288,514,"k_dq_0",32,8704,0,480,0,128,"SQ_INSTS_VEC32_VALU_WMMA",0.00000000e+00,84907439177308,84907442305273
57,57,"Agent 2",1,65994,65994,524288,514,"k_dq_0",32,8704,0,480,0,128,"SQ_VALU_WMMA_FLOP_BF16",0.00000000e+00,84907439177308,84907442305273
